ID,Comment1,Comment2,DayTimeDataName,LightmapDataName,WeatherTypesRef,None,Sunny,Cloudy,Foggy,LightRain,HeavyRain,ThunderStorm,LightSnow,HeavySnow,SandStorm,AfterRain,AfterSnow,SpecialWeather
场景风格类型ID,场景,时间段,时间段资源数据,光线资源数据,合成的字符串，导出这一列。后面的都只是策划用，不导出,0无,1晴天,2阴天,3雾天,4小雨,5大雨,6雷雨,7小雪,8大雪,9沙尘,10雨后,11雪后,12特殊天气
1,普隆德拉,晨,dt_sc_pulongdela_001_qingchen,lm_sc_pulongdela_001_baitian,|wt_sc_pulongdela_001_qingtian=10||wt_sc_pulongdela_001_wu=9|wt_sc_pulongdela_001_xiaoyu=9|wt_sc_pulongdela_001_dayu=8|wt_sc_pulongdela_001_leiyu=7||wt_sc_pulongdela_001_daxue=-10||wt_sc_pulongdela_001_yuhou=10||wt_sc_pulongdela_001_ruqin=10,,wt_sc_pulongdela_001_qingtian=10,,wt_sc_pulongdela_001_wu=9,wt_sc_pulongdela_001_xiaoyu=9,wt_sc_pulongdela_001_dayu=8,wt_sc_pulongdela_001_leiyu=7,,wt_sc_pulongdela_001_daxue=-10,,wt_sc_pulongdela_001_yuhou=10,,wt_sc_pulongdela_001_ruqin=10
2,普隆德拉,昼,dt_sc_pulongdela_001_baitian,lm_sc_pulongdela_001_baitian,|wt_sc_pulongdela_001_qingtian=11||wt_sc_pulongdela_001_wu=10|wt_sc_pulongdela_001_xiaoyu=10|wt_sc_pulongdela_001_dayu=9|wt_sc_pulongdela_001_leiyu=8||wt_sc_pulongdela_001_daxue=-4||wt_sc_pulongdela_001_yuhou=11||wt_sc_pulongdela_001_ruqin=10,,wt_sc_pulongdela_001_qingtian=11,,wt_sc_pulongdela_001_wu=10,wt_sc_pulongdela_001_xiaoyu=10,wt_sc_pulongdela_001_dayu=9,wt_sc_pulongdela_001_leiyu=8,,wt_sc_pulongdela_001_daxue=-4,,wt_sc_pulongdela_001_yuhou=11,,wt_sc_pulongdela_001_ruqin=10
3,普隆德拉,夕,dt_sc_pulongdela_001_huanghun,lm_sc_pulongdela_001_baitian,|wt_sc_pulongdela_001_qingtian=10||wt_sc_pulongdela_001_wu=9|wt_sc_pulongdela_001_xiaoyu=9|wt_sc_pulongdela_001_dayu=8|wt_sc_pulongdela_001_leiyu=7||wt_sc_pulongdela_001_daxue=2||wt_sc_pulongdela_001_yuhou=10||wt_sc_pulongdela_001_ruqin=10,,wt_sc_pulongdela_001_qingtian=10,,wt_sc_pulongdela_001_wu=9,wt_sc_pulongdela_001_xiaoyu=9,wt_sc_pulongdela_001_dayu=8,wt_sc_pulongdela_001_leiyu=7,,wt_sc_pulongdela_001_daxue=2,,wt_sc_pulongdela_001_yuhou=10,,wt_sc_pulongdela_001_ruqin=10
4,普隆德拉,夜,dt_sc_pulongdela_001_yewan,lm_sc_pulongdela_001_yewan,|wt_sc_pulongdela_001_qingtian=19||wt_sc_pulongdela_001_wu=8|wt_sc_pulongdela_001_xiaoyu=8|wt_sc_pulongdela_001_dayu=7|wt_sc_pulongdela_001_leiyu=6||wt_sc_pulongdela_001_daxue=-7||wt_sc_pulongdela_001_yuhou=9||wt_sc_pulongdela_001_ruqin=10,,wt_sc_pulongdela_001_qingtian=19,,wt_sc_pulongdela_001_wu=8,wt_sc_pulongdela_001_xiaoyu=8,wt_sc_pulongdela_001_dayu=7,wt_sc_pulongdela_001_leiyu=6,,wt_sc_pulongdela_001_daxue=-7,,wt_sc_pulongdela_001_yuhou=9,,wt_sc_pulongdela_001_ruqin=10
10004,普隆德拉,邪能入侵,dt_sc_pulongdela_001_ruqin,lm_sc_pulongdela_001_yewan,|wt_sc_pulongdela_001_qingtian=19||wt_sc_pulongdela_001_wu=8|wt_sc_pulongdela_001_xiaoyu=8|wt_sc_pulongdela_001_dayu=7|wt_sc_pulongdela_001_leiyu=6||wt_sc_pulongdela_001_daxue=-7||wt_sc_pulongdela_001_yuhou=9||wt_sc_pulongdela_001_ruqin=10,,wt_sc_pulongdela_001_qingtian=19,,wt_sc_pulongdela_001_wu=8,wt_sc_pulongdela_001_xiaoyu=8,wt_sc_pulongdela_001_dayu=7,wt_sc_pulongdela_001_leiyu=6,,wt_sc_pulongdela_001_daxue=-7,,wt_sc_pulongdela_001_yuhou=9,,wt_sc_pulongdela_001_ruqin=10
5,南门,晨,dt_sc_nanmen_001_baitian,lm_sc_nanmen_001_default,|wt_sc_nanmen_001_qingtian=10||||wt_sc_nanmen_001_dayu=8|||wt_sc_nanmen_001_daxue=-10||wt_sc_nanmen_001_yuhou=10||,,wt_sc_nanmen_001_qingtian=10,,,,wt_sc_nanmen_001_dayu=8,,,wt_sc_nanmen_001_daxue=-10,,wt_sc_nanmen_001_yuhou=10,,
6,南门,昼,dt_sc_nanmen_001_baitian,lm_sc_nanmen_001_default,|wt_sc_nanmen_001_qingtian=11||||wt_sc_nanmen_001_dayu=9|||wt_sc_nanmen_001_daxue=-4||wt_sc_nanmen_001_yuhou=11||,,wt_sc_nanmen_001_qingtian=11,,,,wt_sc_nanmen_001_dayu=9,,,wt_sc_nanmen_001_daxue=-4,,wt_sc_nanmen_001_yuhou=11,,
7,南门,夕,dt_sc_nanmen_001_baitian,lm_sc_nanmen_001_default,|wt_sc_nanmen_001_qingtian=10||||wt_sc_nanmen_001_dayu=8|||wt_sc_nanmen_001_daxue=2||wt_sc_nanmen_001_yuhou=10||,,wt_sc_nanmen_001_qingtian=10,,,,wt_sc_nanmen_001_dayu=8,,,wt_sc_nanmen_001_daxue=2,,wt_sc_nanmen_001_yuhou=10,,
8,南门,夜,dt_sc_nanmen_001_yewan,lm_sc_nanmen_001_default,|wt_sc_nanmen_001_qingtian=9||||wt_sc_nanmen_001_dayu=7|||wt_sc_nanmen_001_daxue=-7||wt_sc_nanmen_001_yuhou=9||,,wt_sc_nanmen_001_qingtian=9,,,,wt_sc_nanmen_001_dayu=7,,,wt_sc_nanmen_001_daxue=-7,,wt_sc_nanmen_001_yuhou=9,,
9,西门,晨,dt_sc_ximen_001_baitian,lm_sc_ximen_001_default,|wt_sc_ximen_001_qingtian=10|||wt_sc_ximen_001_xiaoyu=9||||wt_sc_ximen_001_daxue=-10||wt_sc_ximen_001_yuhou=10||wt_sc_ximen_001_ruqin=10,,wt_sc_ximen_001_qingtian=10,,,wt_sc_ximen_001_xiaoyu=9,,,,wt_sc_ximen_001_daxue=-10,,wt_sc_ximen_001_yuhou=10,,wt_sc_ximen_001_ruqin=10
10,西门,昼,dt_sc_ximen_001_baitian,lm_sc_ximen_001_default,|wt_sc_ximen_001_qingtian=11|||wt_sc_ximen_001_xiaoyu=10||||wt_sc_ximen_001_daxue=-4||wt_sc_ximen_001_yuhou=11||wt_sc_ximen_001_ruqin=10,,wt_sc_ximen_001_qingtian=11,,,wt_sc_ximen_001_xiaoyu=10,,,,wt_sc_ximen_001_daxue=-4,,wt_sc_ximen_001_yuhou=11,,wt_sc_ximen_001_ruqin=10
11,西门,夕,dt_sc_ximen_001_huanghun,lm_sc_ximen_001_default,|wt_sc_ximen_001_qingtian=10|||wt_sc_ximen_001_xiaoyu=9||||wt_sc_ximen_001_daxue=2||wt_sc_ximen_001_yuhou=10||wt_sc_ximen_001_ruqin=10,,wt_sc_ximen_001_qingtian=10,,,wt_sc_ximen_001_xiaoyu=9,,,,wt_sc_ximen_001_daxue=2,,wt_sc_ximen_001_yuhou=10,,wt_sc_ximen_001_ruqin=10
12,西门,夜,dt_sc_ximen_001_yewan,lm_sc_ximen_001_default,|wt_sc_ximen_001_qingtian=9|||wt_sc_ximen_001_xiaoyu=8||||wt_sc_ximen_001_daxue=-7||wt_sc_ximen_001_yuhou=9||wt_sc_ximen_001_ruqin=10,,wt_sc_ximen_001_qingtian=9,,,wt_sc_ximen_001_xiaoyu=8,,,,wt_sc_ximen_001_daxue=-7,,wt_sc_ximen_001_yuhou=9,,wt_sc_ximen_001_ruqin=10
10012,西门,邪能入侵,dt_sc_ximen_001_ruqin,lm_sc_ximen_001_default,|wt_sc_ximen_001_qingtian=9|||wt_sc_ximen_001_xiaoyu=8||||wt_sc_ximen_001_daxue=-7||wt_sc_ximen_001_yuhou=9||wt_sc_ximen_001_ruqin=10,,wt_sc_ximen_001_qingtian=9,,,wt_sc_ximen_001_xiaoyu=8,,,,wt_sc_ximen_001_daxue=-7,,wt_sc_ximen_001_yuhou=9,,wt_sc_ximen_001_ruqin=10
13,北门,晨,dt_sc_beimen_001_baitian,lm_sc_beimen_001_default,|wt_sc_beimen_001_qingtian=9|||wt_sc_beimen_001_xiaoyu=8||||wt_sc_beimen_001_daxue=-10||wt_sc_beimen_001_yuhou=8||,,wt_sc_beimen_001_qingtian=9,,,wt_sc_beimen_001_xiaoyu=8,,,,wt_sc_beimen_001_daxue=-10,,wt_sc_beimen_001_yuhou=8,,
14,北门,昼,dt_sc_beimen_001_baitian,lm_sc_beimen_001_default,|wt_sc_beimen_001_qingtian=10|||wt_sc_beimen_001_xiaoyu=9||||wt_sc_beimen_001_daxue=-4||wt_sc_beimen_001_yuhou=9||,,wt_sc_beimen_001_qingtian=10,,,wt_sc_beimen_001_xiaoyu=9,,,,wt_sc_beimen_001_daxue=-4,,wt_sc_beimen_001_yuhou=9,,
15,北门,夕,dt_sc_beimen_001_huanghun,lm_sc_beimen_001_default,|wt_sc_beimen_001_qingtian=9|||wt_sc_beimen_001_xiaoyu=8||||wt_sc_beimen_001_daxue=2||wt_sc_beimen_001_yuhou=8||,,wt_sc_beimen_001_qingtian=9,,,wt_sc_beimen_001_xiaoyu=8,,,,wt_sc_beimen_001_daxue=2,,wt_sc_beimen_001_yuhou=8,,
16,北门,夜,dt_sc_beimen_001_yewan,lm_sc_beimen_001_default,|wt_sc_beimen_001_qingtian=8|||wt_sc_beimen_001_xiaoyu=7||||wt_sc_beimen_001_daxue=-7||wt_sc_beimen_001_yuhou=7||,,wt_sc_beimen_001_qingtian=8,,,wt_sc_beimen_001_xiaoyu=7,,,,wt_sc_beimen_001_daxue=-7,,wt_sc_beimen_001_yuhou=7,,
17,芋虫峡谷,晨,dt_sc_yuchongxiagu_001_baitian,lm_sc_yuchongxiagu_001_default,|wt_sc_yuchongxiagu_001_qingtian=6||||wt_sc_yuchongxiagu_001_dayu=5|||||wt_sc_yuchongxiagu_001_yuhou=5||,,wt_sc_yuchongxiagu_001_qingtian=6,,,,wt_sc_yuchongxiagu_001_dayu=5,,,,,wt_sc_yuchongxiagu_001_yuhou=5,,
18,芋虫峡谷,昼,dt_sc_yuchongxiagu_001_baitian,lm_sc_yuchongxiagu_001_default,|wt_sc_yuchongxiagu_001_qingtian=7||||wt_sc_yuchongxiagu_001_dayu=6|||||wt_sc_yuchongxiagu_001_yuhou=6||,,wt_sc_yuchongxiagu_001_qingtian=7,,,,wt_sc_yuchongxiagu_001_dayu=6,,,,,wt_sc_yuchongxiagu_001_yuhou=6,,
19,芋虫峡谷,夕,dt_sc_yuchongxiagu_001_huanghun,lm_sc_yuchongxiagu_001_default,|wt_sc_yuchongxiagu_001_qingtian=6||||wt_sc_yuchongxiagu_001_dayu=5|||||wt_sc_yuchongxiagu_001_yuhou=5||,,wt_sc_yuchongxiagu_001_qingtian=6,,,,wt_sc_yuchongxiagu_001_dayu=5,,,,,wt_sc_yuchongxiagu_001_yuhou=5,,
20,芋虫峡谷,夜,dt_sc_yuchongxiagu_001_yewan,lm_sc_yuchongxiagu_001_default,|wt_sc_yuchongxiagu_001_qingtian=5||||wt_sc_yuchongxiagu_001_dayu=4|||||wt_sc_yuchongxiagu_001_yuhou=4||,,wt_sc_yuchongxiagu_001_qingtian=5,,,,wt_sc_yuchongxiagu_001_dayu=4,,,,,wt_sc_yuchongxiagu_001_yuhou=4,,
21,波利岛,晨,dt_sc_bolidao_001_baitian,lm_sc_bolidao_001_default,|wt_sc_bolidao_001_qingtian=15|||wt_sc_bolidao_001_xiaoyu=14||||||wt_sc_bolidao_001_qingtian=15||,,wt_sc_bolidao_001_qingtian=15,,,wt_sc_bolidao_001_xiaoyu=14,,,,,,wt_sc_bolidao_001_qingtian=15,,
22,波利岛,昼,dt_sc_bolidao_001_baitian,lm_sc_bolidao_001_default,|wt_sc_bolidao_001_qingtian=16|||wt_sc_bolidao_001_xiaoyu=15||||||wt_sc_bolidao_001_qingtian=16||,,wt_sc_bolidao_001_qingtian=16,,,wt_sc_bolidao_001_xiaoyu=15,,,,,,wt_sc_bolidao_001_qingtian=16,,
23,波利岛,夕,dt_sc_bolidao_001_huanghun,lm_sc_bolidao_001_default,|wt_sc_bolidao_001_qingtian=15|||wt_sc_bolidao_001_xiaoyu=14||||||wt_sc_bolidao_001_qingtian=15||,,wt_sc_bolidao_001_qingtian=15,,,wt_sc_bolidao_001_xiaoyu=14,,,,,,wt_sc_bolidao_001_qingtian=15,,
24,波利岛,夜,dt_sc_bolidao_001_yewan,lm_sc_bolidao_001_default,|wt_sc_bolidao_001_qingtian=14|||wt_sc_bolidao_001_xiaoyu=13||||||wt_sc_bolidao_001_qingtian=14||,,wt_sc_bolidao_001_qingtian=14,,,wt_sc_bolidao_001_xiaoyu=13,,,,,,wt_sc_bolidao_001_qingtian=14,,
25,哥布林森林,晨,dt_sc_gebulinsenlin_001_baitian,lm_sc_gebulinsenlin_001_default,|wt_sc_gebulinsenlin_001_qingtian=14|||||wt_sc_gebulinsenlin_001_leiyu=14||||wt_sc_gebulinsenlin_001_yuhou=14||,,wt_sc_gebulinsenlin_001_qingtian=14,,,,,wt_sc_gebulinsenlin_001_leiyu=14,,,,wt_sc_gebulinsenlin_001_yuhou=14,,
26,哥布林森林,昼,dt_sc_gebulinsenlin_001_baitian,lm_sc_gebulinsenlin_001_default,|wt_sc_gebulinsenlin_001_qingtian=15|||||wt_sc_gebulinsenlin_001_leiyu=15||||wt_sc_gebulinsenlin_001_yuhou=15||,,wt_sc_gebulinsenlin_001_qingtian=15,,,,,wt_sc_gebulinsenlin_001_leiyu=15,,,,wt_sc_gebulinsenlin_001_yuhou=15,,
27,哥布林森林,夕,dt_sc_gebulinsenlin_001_huanghun,lm_sc_gebulinsenlin_001_default,|wt_sc_gebulinsenlin_001_qingtian=14|||||wt_sc_gebulinsenlin_001_leiyu=14||||wt_sc_gebulinsenlin_001_yuhou=14||,,wt_sc_gebulinsenlin_001_qingtian=14,,,,,wt_sc_gebulinsenlin_001_leiyu=14,,,,wt_sc_gebulinsenlin_001_yuhou=14,,
277,艾尔帕兰赛事版,晨,dt_sc_aierpalan_001_baitian,lm_sc_aierpalan_jbs_001_baitian,|wt_sc_aierpalan_001_qingtian=8||||wt_sc_aierpalan_001_dayu=6|||wt_sc_aierpalan_001_daxue=-10|||,,wt_sc_aierpalan_001_qingtian=8,,,,wt_sc_aierpalan_001_dayu=6,,,wt_sc_aierpalan_001_daxue=-10,,,,
278,艾尔帕兰赛事版,昼,dt_sc_aierpalan_001_baitian,lm_sc_aierpalan_jbs_001_baitian,|wt_sc_aierpalan_001_qingtian=12||||wt_sc_aierpalan_001_dayu=10|||wt_sc_aierpalan_001_daxue=-2|||,,wt_sc_aierpalan_001_qingtian=12,,,,wt_sc_aierpalan_001_dayu=10,,,wt_sc_aierpalan_001_daxue=-2,,,,
279,艾尔帕兰赛事版,夕,dt_sc_aierpalan_001_huanghun,lm_sc_aierpalan_jbs_001_baitian,|wt_sc_aierpalan_001_qingtian=10||||wt_sc_aierpalan_001_dayu=8|||wt_sc_aierpalan_001_daxue=-8|||,,wt_sc_aierpalan_001_qingtian=10,,,,wt_sc_aierpalan_001_dayu=8,,,wt_sc_aierpalan_001_daxue=-8,,,,
28,哥布林森林,夜,dt_sc_gebulinsenlin_001_yewan,lm_sc_gebulinsenlin_001_default,|wt_sc_gebulinsenlin_001_qingtian=13|||||wt_sc_gebulinsenlin_001_leiyu=13||||wt_sc_gebulinsenlin_001_yuhou=13||,,wt_sc_gebulinsenlin_001_qingtian=13,,,,,wt_sc_gebulinsenlin_001_leiyu=13,,,,wt_sc_gebulinsenlin_001_yuhou=13,,
280,艾尔帕兰赛事版,夜,dt_sc_aierpalan_001_yewan,lm_sc_aierpalan_jbs_001_yewan,|wt_sc_aierpalan_001_qingtian=7||||wt_sc_aierpalan_001_dayu=5|||wt_sc_aierpalan_001_daxue=-12|||,,wt_sc_aierpalan_001_qingtian=7,,,,wt_sc_aierpalan_001_dayu=5,,,wt_sc_aierpalan_001_daxue=-12,,,,
281,普隆德拉赛事版,晨,dt_sc_pulongdela_znq_001_qingchen,lm_sc_pulongdela_jbs_001_baitian,|wt_sc_pulongdela_001_qingtian=10||wt_sc_pulongdela_001_wu=9|wt_sc_pulongdela_001_xiaoyu=9|wt_sc_pulongdela_001_dayu=8|wt_sc_pulongdela_001_leiyu=7||wt_sc_pulongdela_001_daxue=-10||wt_sc_pulongdela_001_yuhou=10|,,wt_sc_pulongdela_001_qingtian=10,,wt_sc_pulongdela_001_wu=9,wt_sc_pulongdela_001_xiaoyu=9,wt_sc_pulongdela_001_dayu=8,wt_sc_pulongdela_001_leiyu=7,,wt_sc_pulongdela_001_daxue=-10,,wt_sc_pulongdela_001_yuhou=10,,
282,普隆德拉赛事版,昼,dt_sc_pulongdela_znq_001_baitian,lm_sc_pulongdela_jbs_001_baitian,|wt_sc_pulongdela_001_qingtian=11||wt_sc_pulongdela_001_wu=10|wt_sc_pulongdela_001_xiaoyu=10|wt_sc_pulongdela_001_dayu=9|wt_sc_pulongdela_001_leiyu=8||wt_sc_pulongdela_001_daxue=-4||wt_sc_pulongdela_001_yuhou=11|,,wt_sc_pulongdela_001_qingtian=11,,wt_sc_pulongdela_001_wu=10,wt_sc_pulongdela_001_xiaoyu=10,wt_sc_pulongdela_001_dayu=9,wt_sc_pulongdela_001_leiyu=8,,wt_sc_pulongdela_001_daxue=-4,,wt_sc_pulongdela_001_yuhou=11,,
283,普隆德拉赛事版,夕,dt_sc_pulongdela_znq_001_huanghun,lm_sc_pulongdela_jbs_001_baitian,|wt_sc_pulongdela_001_qingtian=10||wt_sc_pulongdela_001_wu=9|wt_sc_pulongdela_001_xiaoyu=9|wt_sc_pulongdela_001_dayu=8|wt_sc_pulongdela_001_leiyu=7||wt_sc_pulongdela_001_daxue=2||wt_sc_pulongdela_001_yuhou=10|,,wt_sc_pulongdela_001_qingtian=10,,wt_sc_pulongdela_001_wu=9,wt_sc_pulongdela_001_xiaoyu=9,wt_sc_pulongdela_001_dayu=8,wt_sc_pulongdela_001_leiyu=7,,wt_sc_pulongdela_001_daxue=2,,wt_sc_pulongdela_001_yuhou=10,,
284,普隆德拉赛事版,夜,dt_sc_pulongdela_znq_001_yewan,lm_sc_pulongdela_jbs_001_yewan,|wt_sc_pulongdela_001_qingtian=19||wt_sc_pulongdela_001_wu=8|wt_sc_pulongdela_001_xiaoyu=8|wt_sc_pulongdela_001_dayu=7|wt_sc_pulongdela_001_leiyu=6||wt_sc_pulongdela_001_daxue=-7||wt_sc_pulongdela_001_yuhou=9|,,wt_sc_pulongdela_001_qingtian=19,,wt_sc_pulongdela_001_wu=8,wt_sc_pulongdela_001_xiaoyu=8,wt_sc_pulongdela_001_dayu=7,wt_sc_pulongdela_001_leiyu=6,,wt_sc_pulongdela_001_daxue=-7,,wt_sc_pulongdela_001_yuhou=9,,
29,吉芬北部,晨,dt_sc_jifenbeibu_001_baitian,lm_sc_jifenbeibu_001_default,|wt_sc_jifenbeibu_001_qingtian=5|||wt_sc_jifenbeibu_001_xiaoyu=4||||||wt_sc_jifenbeibu_001_yuhou=4||,,wt_sc_jifenbeibu_001_qingtian=5,,,wt_sc_jifenbeibu_001_xiaoyu=4,,,,,,wt_sc_jifenbeibu_001_yuhou=4,,
30,吉芬北部,昼,dt_sc_jifenbeibu_001_baitian,lm_sc_jifenbeibu_001_default,|wt_sc_jifenbeibu_001_qingtian=6|||wt_sc_jifenbeibu_001_xiaoyu=5||||||wt_sc_jifenbeibu_001_yuhou=5||,,wt_sc_jifenbeibu_001_qingtian=6,,,wt_sc_jifenbeibu_001_xiaoyu=5,,,,,,wt_sc_jifenbeibu_001_yuhou=5,,
31,吉芬北部,夕,dt_sc_jifenbeibu_001_huanghun,lm_sc_jifenbeibu_001_default,|wt_sc_jifenbeibu_001_qingtian=5|||wt_sc_jifenbeibu_001_xiaoyu=4||||||wt_sc_jifenbeibu_001_yuhou=4||,,wt_sc_jifenbeibu_001_qingtian=5,,,wt_sc_jifenbeibu_001_xiaoyu=4,,,,,,wt_sc_jifenbeibu_001_yuhou=4,,
32,吉芬北部,夜,dt_sc_jifenbeibu_001_yewan,lm_sc_jifenbeibu_001_default,|wt_sc_jifenbeibu_001_qingtian=4|||wt_sc_jifenbeibu_001_xiaoyu=3||||||wt_sc_jifenbeibu_001_yuhou=3||,,wt_sc_jifenbeibu_001_qingtian=4,,,wt_sc_jifenbeibu_001_xiaoyu=3,,,,,,wt_sc_jifenbeibu_001_yuhou=3,,
33,吉芬西部,晨,dt_sc_jifenxibu_001_baitian,lm_sc_jifenxibu_001_default,|wt_sc_jifenxibu_001_qingtian=9|||wt_sc_jifenxibu_001_xiaoyu=7||||||wt_sc_jifenxibu_001_yuhou=9||,,wt_sc_jifenxibu_001_qingtian=9,,,wt_sc_jifenxibu_001_xiaoyu=7,,,,,,wt_sc_jifenxibu_001_yuhou=9,,
34,吉芬西部,昼,dt_sc_jifenxibu_001_baitian,lm_sc_jifenxibu_001_default,|wt_sc_jifenxibu_001_qingtian=10|||wt_sc_jifenxibu_001_xiaoyu=8||||||wt_sc_jifenxibu_001_yuhou=10||,,wt_sc_jifenxibu_001_qingtian=10,,,wt_sc_jifenxibu_001_xiaoyu=8,,,,,,wt_sc_jifenxibu_001_yuhou=10,,
35,吉芬西部,夕,dt_sc_jifenxibu_001_huanghun,lm_sc_jifenxibu_001_default,|wt_sc_jifenxibu_001_qingtian=9|||wt_sc_jifenxibu_001_xiaoyu=7||||||wt_sc_jifenxibu_001_yuhou=9||,,wt_sc_jifenxibu_001_qingtian=9,,,wt_sc_jifenxibu_001_xiaoyu=7,,,,,,wt_sc_jifenxibu_001_yuhou=9,,
36,吉芬西部,夜,dt_sc_jifenxibu_001_yewan,lm_sc_jifenxibu_001_default,|wt_sc_jifenxibu_001_qingtian=8|||wt_sc_jifenxibu_001_xiaoyu=6||||||wt_sc_jifenxibu_001_yuhou=8||,,wt_sc_jifenxibu_001_qingtian=8,,,wt_sc_jifenxibu_001_xiaoyu=6,,,,,,wt_sc_jifenxibu_001_yuhou=8,,
37,吉芬东部,晨,dt_sc_jifendongbu_001_baitian,lm_sc_jifendongbu_001_default,|wt_sc_jifendongbu_001_qingtian=6|||wt_sc_jifendongbu_001_xiaoyu=5||||||wt_sc_jifendongbu_001_yuhou=5||,,wt_sc_jifendongbu_001_qingtian=6,,,wt_sc_jifendongbu_001_xiaoyu=5,,,,,,wt_sc_jifendongbu_001_yuhou=5,,
38,吉芬东部,昼,dt_sc_jifendongbu_001_baitian,lm_sc_jifendongbu_001_default,|wt_sc_jifendongbu_001_qingtian=7|||wt_sc_jifendongbu_001_xiaoyu=6||||||wt_sc_jifendongbu_001_yuhou=6||,,wt_sc_jifendongbu_001_qingtian=7,,,wt_sc_jifendongbu_001_xiaoyu=6,,,,,,wt_sc_jifendongbu_001_yuhou=6,,
39,吉芬东部,夕,dt_sc_jifendongbu_001_huanghun,lm_sc_jifendongbu_001_default,|wt_sc_jifendongbu_001_qingtian=6|||wt_sc_jifendongbu_001_xiaoyu=5||||||wt_sc_jifendongbu_001_yuhou=5||,,wt_sc_jifendongbu_001_qingtian=6,,,wt_sc_jifendongbu_001_xiaoyu=5,,,,,,wt_sc_jifendongbu_001_yuhou=5,,
40,吉芬东部,夜,dt_sc_jifendongbu_001_yewan,lm_sc_jifendongbu_001_default,|wt_sc_jifendongbu_001_qingtian=5|||wt_sc_jifendongbu_001_xiaoyu=4||||||wt_sc_jifendongbu_001_yuhou=4||,,wt_sc_jifendongbu_001_qingtian=5,,,wt_sc_jifendongbu_001_xiaoyu=4,,,,,,wt_sc_jifendongbu_001_yuhou=4,,
41,沙漠岔道,晨,dt_sc_shamochadao_001_baitian,lm_sc_shamochadao_001_default,|||||||||wt_sc_shamochadao_001_fengsha=16|||,,,,,,,,,,wt_sc_shamochadao_001_fengsha=16,,,
42,沙漠岔道,昼,dt_sc_shamochadao_001_baitian,lm_sc_shamochadao_001_default,|||||||||wt_sc_shamochadao_001_fengsha=17|||,,,,,,,,,,wt_sc_shamochadao_001_fengsha=17,,,
43,沙漠岔道,夕,dt_sc_shamochadao_001_huanghun,lm_sc_shamochadao_001_default,|||||||||wt_sc_shamochadao_001_fengsha=16|||,,,,,,,,,,wt_sc_shamochadao_001_fengsha=16,,,
44,沙漠岔道,夜,dt_sc_shamochadao_001_yewan,lm_sc_shamochadao_001_default,|||||||||wt_sc_shamochadao_001_fengsha=15|||,,,,,,,,,,wt_sc_shamochadao_001_fengsha=15,,,
45,过场,晨,dt_sc_guochang_001_baitianqing,lm_sc_guochang_001_baitianqing,|wt_sc_guochang_001_baitianqing=10|||||||||||,,wt_sc_guochang_001_baitianqing=10,,,,,,,,,,,
46,过场,昼,,,||||||||||||,,,,,,,,,,,,,
47,过场,夕,,,||||||||||||,,,,,,,,,,,,,
48,过场,夜,,,||||||||||||,,,,,,,,,,,,,
49,伊斯鲁得,晨,dt_sc_yisilude_001_baitian,lm_sc_yisilude_001_baitian,|wt_sc_yisilude_001_qingtian=10||||wt_sc_yisilude_001_dayu=8|wt_sc_yisilude_001_leiyu=7||||wt_sc_yisilude_001_yuhou=10||,,wt_sc_yisilude_001_qingtian=10,,,,wt_sc_yisilude_001_dayu=8,wt_sc_yisilude_001_leiyu=7,,,,wt_sc_yisilude_001_yuhou=10,,
50,伊斯鲁得,昼,dt_sc_yisilude_001_baitian,lm_sc_yisilude_001_baitian,|wt_sc_yisilude_001_qingtian=12||||wt_sc_yisilude_001_dayu=9|wt_sc_yisilude_001_leiyu=8||||wt_sc_yisilude_001_yuhou=12||,,wt_sc_yisilude_001_qingtian=12,,,,wt_sc_yisilude_001_dayu=9,wt_sc_yisilude_001_leiyu=8,,,,wt_sc_yisilude_001_yuhou=12,,
51,伊斯鲁得,夕,dt_sc_yisilude_001_huanghun,lm_sc_yisilude_001_baitian,|wt_sc_yisilude_001_qingtian=10||||wt_sc_yisilude_001_dayu=8|wt_sc_yisilude_001_leiyu=7||||wt_sc_yisilude_001_yuhou=10||,,wt_sc_yisilude_001_qingtian=10,,,,wt_sc_yisilude_001_dayu=8,wt_sc_yisilude_001_leiyu=7,,,,wt_sc_yisilude_001_yuhou=10,,
52,伊斯鲁得,夜,dt_sc_yisilude_001_yewan,lm_sc_yisilude_001_yewan,|wt_sc_yisilude_001_qingtian=9||||wt_sc_yisilude_001_dayu=7|wt_sc_yisilude_001_leiyu=6||||wt_sc_yisilude_001_yuhou=9||,,wt_sc_yisilude_001_qingtian=9,,,,wt_sc_yisilude_001_dayu=7,wt_sc_yisilude_001_leiyu=6,,,,wt_sc_yisilude_001_yuhou=9,,
53,吉芬,晨,dt_sc_jifen_001_baitian,lm_sc_jifen_001_baitian,|wt_sc_jifen_001_qingtian=8||||wt_sc_jifen_001_dayu=7|||||wt_sc_jifen_001_yuhou=8||,,wt_sc_jifen_001_qingtian=8,,,,wt_sc_jifen_001_dayu=7,,,,,wt_sc_jifen_001_yuhou=8,,
54,吉芬,昼,dt_sc_jifen_001_baitian,lm_sc_jifen_001_baitian,|wt_sc_jifen_001_qingtian=9||||wt_sc_jifen_001_dayu=8|||||wt_sc_jifen_001_yuhou=9||,,wt_sc_jifen_001_qingtian=9,,,,wt_sc_jifen_001_dayu=8,,,,,wt_sc_jifen_001_yuhou=9,,
55,吉芬,夕,dt_sc_jifen_001_huanghun,lm_sc_jifen_001_baitian,|wt_sc_jifen_001_qingtian=8||||wt_sc_jifen_001_dayu=7|||||wt_sc_jifen_001_yuhou=8||,,wt_sc_jifen_001_qingtian=8,,,,wt_sc_jifen_001_dayu=7,,,,,wt_sc_jifen_001_yuhou=8,,
56,吉芬,夜,dt_sc_jifen_001_yewan,lm_sc_jifen_001_yewan,|wt_sc_jifen_001_qingtian=7||||wt_sc_jifen_001_dayu=6|||||wt_sc_jifen_001_yuhou=7||,,wt_sc_jifen_001_qingtian=7,,,,wt_sc_jifen_001_dayu=6,,,,,wt_sc_jifen_001_yuhou=7,,
57,兽人村落,晨,dt_sc_shourencunluo_baitian,lm_sc_shourencunluo_001_default,|wt_sc_shourencunluo_qingtian=14||||wt_sc_shourencunluo_dayu=13|||||wt_sc_shourencunluo_yuhou=14||,,wt_sc_shourencunluo_qingtian=14,,,,wt_sc_shourencunluo_dayu=13,,,,,wt_sc_shourencunluo_yuhou=14,,
58,兽人村落,昼,dt_sc_shourencunluo_baitian,lm_sc_shourencunluo_001_default,|wt_sc_shourencunluo_qingtian=15||||wt_sc_shourencunluo_dayu=14|||||wt_sc_shourencunluo_yuhou=15||,,wt_sc_shourencunluo_qingtian=15,,,,wt_sc_shourencunluo_dayu=14,,,,,wt_sc_shourencunluo_yuhou=15,,
59,兽人村落,夕,dt_sc_shourencunluo_huanghun,lm_sc_shourencunluo_001_default,|wt_sc_shourencunluo_qingtian=14||||wt_sc_shourencunluo_dayu=13|||||wt_sc_shourencunluo_yuhou=14||,,wt_sc_shourencunluo_qingtian=14,,,,wt_sc_shourencunluo_dayu=13,,,,,wt_sc_shourencunluo_yuhou=14,,
60,兽人村落,夜,dt_sc_shourencunluo_yewan,lm_sc_shourencunluo_001_default,|wt_sc_shourencunluo_qingtian=12||||wt_sc_shourencunluo_dayu=11|||||wt_sc_shourencunluo_yuhou=12||,,wt_sc_shourencunluo_qingtian=12,,,,wt_sc_shourencunluo_dayu=11,,,,,wt_sc_shourencunluo_yuhou=12,,
61,金字塔副本,晨,dt_sc_dungeon_jinzitafuben_default,lm_sc_dungeon_jinzitafuben_default,|wt_sc_dungeon_jinzitafuben_default=14|wt_sc_dungeon_jinzitafuben_default _yewan=14||||||||||,,wt_sc_dungeon_jinzitafuben_default=14,wt_sc_dungeon_jinzitafuben_default _yewan=14,,,,,,,,,,
62,金字塔副本,昼,,,||||||||||||,,,,,,,,,,,,,
63,金字塔副本,夕,,,||||||||||||,,,,,,,,,,,,,
64,金字塔副本,夜,,,||||||||||||,,,,,,,,,,,,,
65,圣歌试炼,晨,dt_sc_dungeon_shenggeshilian_baitianqing,lm_sc_dungeon_shenggeshilian_baitian,|wt_sc_dungeon_shenggeshilian_baitianqing=10|||||||||||,,wt_sc_dungeon_shenggeshilian_baitianqing=10,,,,,,,,,,,
66,圣歌试炼,昼,,,||||||||||||,,,,,,,,,,,,,
67,圣歌试炼,夕,,,||||||||||||,,,,,,,,,,,,,
68,圣歌试炼,夜,dt_sc_dungeon_shenggeshilian_yewan,lm_sc_dungeon_shenggeshilian_yewan,|wt_sc_dungeon_shenggeshilian_yewan=9|||||||||||,,wt_sc_dungeon_shenggeshilian_yewan=9,,,,,,,,,,,
69,艾尔贝塔,晨,dt_sc_aierbeita_001_baitian,lm_sc_aierbeita_001_baitian,|wt_sc_aierbeita_001_qingtian=11||wt_sc_aierbeita_001_dawu=10|||||||||,,wt_sc_aierbeita_001_qingtian=11,,wt_sc_aierbeita_001_dawu=10,,,,,,,,,
70,艾尔贝塔,昼,dt_sc_aierbeita_001_baitian,lm_sc_aierbeita_001_baitian,|wt_sc_aierbeita_001_qingtian=12||wt_sc_aierbeita_001_dawu=11|||||||||,,wt_sc_aierbeita_001_qingtian=12,,wt_sc_aierbeita_001_dawu=11,,,,,,,,,
71,艾尔贝塔,夕,dt_sc_aierbeita_001_huanghun,lm_sc_aierbeita_001_baitian,|wt_sc_aierbeita_001_qingtian=11||wt_sc_aierbeita_001_dawu=10|||||||||,,wt_sc_aierbeita_001_qingtian=11,,wt_sc_aierbeita_001_dawu=10,,,,,,,,,
72,艾尔贝塔,夜,dt_sc_aierbeita_001_yewan,lm_sc_aierbeita_001_baitian,|wt_sc_aierbeita_001_qingtian=10||wt_sc_aierbeita_001_dawu=9|||||||||,,wt_sc_aierbeita_001_qingtian=10,,wt_sc_aierbeita_001_dawu=9,,,,,,,,,
73,斐扬,晨,dt_sc_feiyang_001_baitian,lm_sc_feiyang_001_default,||wt_sc_feiyang_001_duoyun=9||||||wt_sc_feiyang_001_daxue=-10||||,,,wt_sc_feiyang_001_duoyun=9,,,,,,wt_sc_feiyang_001_daxue=-10,,,,
74,斐扬,昼,dt_sc_feiyang_001_baitian,lm_sc_feiyang_001_default,||wt_sc_feiyang_001_duoyun=10||||||wt_sc_feiyang_001_daxue=-4||||,,,wt_sc_feiyang_001_duoyun=10,,,,,,wt_sc_feiyang_001_daxue=-4,,,,
75,斐扬,夕,dt_sc_feiyang_001_huanghun,lm_sc_feiyang_001_default,||wt_sc_feiyang_001_duoyun=9||||||wt_sc_feiyang_001_daxue=2||||,,,wt_sc_feiyang_001_duoyun=9,,,,,,wt_sc_feiyang_001_daxue=2,,,,
76,斐扬,夜,dt_sc_feiyang_001_yewan,lm_sc_feiyang_001_default,||wt_sc_feiyang_001_duoyun=8||||||wt_sc_feiyang_001_daxue=-7||||,,,wt_sc_feiyang_001_duoyun=8,,,,,,wt_sc_feiyang_001_daxue=-7,,,,
77,斐扬东部,晨,dt_sc_feiyangdongbu_001_baitian,lm_sc_feiyangdongbu_001_default,||wt_sc_feiyangdongbu_001_duoyun=9||||||wt_sc_feiyangdongbu_001_daxue=-10||||,,,wt_sc_feiyangdongbu_001_duoyun=9,,,,,,wt_sc_feiyangdongbu_001_daxue=-10,,,,
78,斐扬东部,昼,dt_sc_feiyangdongbu_001_baitian,lm_sc_feiyangdongbu_001_default,||wt_sc_feiyangdongbu_001_duoyun=10||||||wt_sc_feiyangdongbu_001_daxue=-4||||,,,wt_sc_feiyangdongbu_001_duoyun=10,,,,,,wt_sc_feiyangdongbu_001_daxue=-4,,,,
79,斐扬东部,夕,dt_sc_feiyangdongbu_001_huanghun,lm_sc_feiyangdongbu_001_default,||wt_sc_feiyangdongbu_001_duoyun=9||||||wt_sc_feiyangdongbu_001_daxue=2||||,,,wt_sc_feiyangdongbu_001_duoyun=9,,,,,,wt_sc_feiyangdongbu_001_daxue=2,,,,
80,斐扬东部,夜,dt_sc_feiyangdongbu_001_yewan,lm_sc_feiyangdongbu_001_default,||wt_sc_feiyangdongbu_001_duoyun=8||||||wt_sc_feiyangdongbu_001_daxue=-7||||,,,wt_sc_feiyangdongbu_001_duoyun=8,,,,,,wt_sc_feiyangdongbu_001_daxue=-7,,,,
81,斐扬南部,晨,dt_sc_feiyangnanbu_001_baitian,lm_sc_feiyangnanbu_001_default,|wt_sc_feiyangnanbu_001_qingtian=10|||wt_sc_feiyangnanbu_001_xiaoyu=9||||wt_sc_feiyangnanbu_001_daxue=-10||wt_sc_feiyangnanbu_001_qingtian=10||,,wt_sc_feiyangnanbu_001_qingtian=10,,,wt_sc_feiyangnanbu_001_xiaoyu=9,,,,wt_sc_feiyangnanbu_001_daxue=-10,,wt_sc_feiyangnanbu_001_qingtian=10,,
82,斐扬南部,昼,dt_sc_feiyangnanbu_001_huanghun,lm_sc_feiyangnanbu_001_default,|wt_sc_feiyangnanbu_001_qingtian=11|||wt_sc_feiyangnanbu_001_xiaoyu=10||||wt_sc_feiyangnanbu_001_daxue=-4||wt_sc_feiyangnanbu_001_qingtian=11||,,wt_sc_feiyangnanbu_001_qingtian=11,,,wt_sc_feiyangnanbu_001_xiaoyu=10,,,,wt_sc_feiyangnanbu_001_daxue=-4,,wt_sc_feiyangnanbu_001_qingtian=11,,
83,斐扬南部,夕,dt_sc_feiyangnanbu_001_huanghun,lm_sc_feiyangnanbu_001_default,|wt_sc_feiyangnanbu_001_qingtian=10|||wt_sc_feiyangnanbu_001_xiaoyu=9||||wt_sc_feiyangnanbu_001_daxue=2||wt_sc_feiyangnanbu_001_qingtian=10||,,wt_sc_feiyangnanbu_001_qingtian=10,,,wt_sc_feiyangnanbu_001_xiaoyu=9,,,,wt_sc_feiyangnanbu_001_daxue=2,,wt_sc_feiyangnanbu_001_qingtian=10,,
84,斐扬南部,夜,dt_sc_feiyangnanbu_001_yewan,lm_sc_feiyangnanbu_001_default,|wt_sc_feiyangnanbu_001_qingtian=9|||wt_sc_feiyangnanbu_001_xiaoyu=8||||wt_sc_feiyangnanbu_001_daxue=-7||wt_sc_feiyangnanbu_001_qingtian=19||,,wt_sc_feiyangnanbu_001_qingtian=9,,,wt_sc_feiyangnanbu_001_xiaoyu=8,,,,wt_sc_feiyangnanbu_001_daxue=-7,,wt_sc_feiyangnanbu_001_qingtian=19,,
85,斐扬东南,晨,dt_sc_feiyangshulin_002_baitian,lm_sc_feiyangshulin_002_default,|wt_sc_feiyangshulin_002_qingtian=9|||||||wt_sc_feiyangshulin_002_daxue=-10||||,,wt_sc_feiyangshulin_002_qingtian=9,,,,,,,wt_sc_feiyangshulin_002_daxue=-10,,,,
86,斐扬东南,昼,dt_sc_feiyangshulin_002_baitian,lm_sc_feiyangshulin_002_default,|wt_sc_feiyangshulin_002_qingtian=10|||||||wt_sc_feiyangshulin_002_daxue=-4||||,,wt_sc_feiyangshulin_002_qingtian=10,,,,,,,wt_sc_feiyangshulin_002_daxue=-4,,,,
87,斐扬东南,夕,dt_sc_feiyangshulin_002_huanghun,lm_sc_feiyangshulin_002_default,|wt_sc_feiyangshulin_002_qingtian=9|||||||wt_sc_feiyangshulin_002_daxue=2||||,,wt_sc_feiyangshulin_002_qingtian=9,,,,,,,wt_sc_feiyangshulin_002_daxue=2,,,,
88,斐扬东南,夜,dt_sc_feiyangshulin_002_yewan,lm_sc_feiyangshulin_002_default,|wt_sc_feiyangshulin_002_qingtian=8|||||||wt_sc_feiyangshulin_002_daxue=-7||||,,wt_sc_feiyangshulin_002_qingtian=8,,,,,,,wt_sc_feiyangshulin_002_daxue=-7,,,,
89,斐扬树林,晨,dt_sc_feiyangshulin_001_baitian,lm_sc_feiyangshulin_001_default,|||||wt_sc_feiyangshulin_001_dayu=8|||||wt_sc_feiyangshulin_001_yuhou=9||,,,,,,wt_sc_feiyangshulin_001_dayu=8,,,,,wt_sc_feiyangshulin_001_yuhou=9,,
90,斐扬树林,昼,dt_sc_feiyangshulin_001_baitian,lm_sc_feiyangshulin_001_default,|||||wt_sc_feiyangshulin_001_dayu=9|||||wt_sc_feiyangshulin_001_yuhou=10||,,,,,,wt_sc_feiyangshulin_001_dayu=9,,,,,wt_sc_feiyangshulin_001_yuhou=10,,
91,斐扬树林,夕,dt_sc_feiyangshulin_001_huanghun,lm_sc_feiyangshulin_001_default,|||||wt_sc_feiyangshulin_001_dayu=8|||||wt_sc_feiyangshulin_001_yuhou=9||,,,,,,wt_sc_feiyangshulin_001_dayu=8,,,,,wt_sc_feiyangshulin_001_yuhou=9,,
92,斐扬树林,夜,dt_sc_feiyangshulin_001_yewan,lm_sc_feiyangshulin_001_default,|||||wt_sc_feiyangshulin_001_dayu=7|||||wt_sc_feiyangshulin_001_yuhou=8||,,,,,,wt_sc_feiyangshulin_001_dayu=7,,,,,wt_sc_feiyangshulin_001_yuhou=8,,
93,梦罗克,晨,dt_sc_mengluoke_001_baitian,lm_sc_mengluoke_001_default,|wt_sc_mengluoke_001_qingtian=12|||||||||||,,wt_sc_mengluoke_001_qingtian=12,,,,,,,,,,,
94,梦罗克,昼,dt_sc_mengluoke_001_baitian,lm_sc_mengluoke_001_default,|wt_sc_mengluoke_001_qingtian=13|||||||||||,,wt_sc_mengluoke_001_qingtian=13,,,,,,,,,,,
95,梦罗克,夕,dt_sc_mengluoke_001_huanghun,lm_sc_mengluoke_001_default,|wt_sc_mengluoke_001_qingtian=12|||||||||||,,wt_sc_mengluoke_001_qingtian=12,,,,,,,,,,,
96,梦罗克,夜,dt_sc_mengluoke_001_yewan,lm_sc_mengluoke_001_default,|wt_sc_mengluoke_001_qingtian=11|||||||||||,,wt_sc_mengluoke_001_qingtian=11,,,,,,,,,,,
97,梦罗克南部,晨,dt_sc_mlknanbu_001_baitian,lm_sc_mlknanbu_001_default,|wt_sc_mlknanbu_001_qingtian=17|||||||||||,,wt_sc_mlknanbu_001_qingtian=17,,,,,,,,,,,
98,梦罗克南部,昼,dt_sc_mlknanbu_001_baitian,lm_sc_mlknanbu_001_default,|wt_sc_mlknanbu_001_qingtian=18|||||||||||,,wt_sc_mlknanbu_001_qingtian=18,,,,,,,,,,,
99,梦罗克南部,夕,dt_sc_mlknanbu_001_huanghun,lm_sc_mlknanbu_001_default,|wt_sc_mlknanbu_001_qingtian=17|||||||||||,,wt_sc_mlknanbu_001_qingtian=17,,,,,,,,,,,
100,梦罗克南部,夜,dt_sc_mlknanbu_001_yewan,lm_sc_mlknanbu_001_default,|wt_sc_mlknanbu_001_qingtian=16|||||||||||,,wt_sc_mlknanbu_001_qingtian=16,,,,,,,,,,,
101,梦罗克西部,晨,dt_sc_mlkxibu_001_baitian,lm_sc_mlkxibu_001_default,|wt_sc_mlkxibu_001_qingtian=16|||||||||||,,wt_sc_mlkxibu_001_qingtian=16,,,,,,,,,,,
102,梦罗克西部,昼,dt_sc_mlkxibu_001_baitian,lm_sc_mlkxibu_001_default,|wt_sc_mlkxibu_001_qingtian=17|||||||||||,,wt_sc_mlkxibu_001_qingtian=17,,,,,,,,,,,
103,梦罗克西部,夕,dt_sc_mlkxibu_001_huanghun,lm_sc_mlkxibu_001_default,|wt_sc_mlkxibu_001_qingtian=16|||||||||||,,wt_sc_mlkxibu_001_qingtian=16,,,,,,,,,,,
104,梦罗克西部,夜,dt_sc_mlkxibu_001_yewan,lm_sc_mlkxibu_001_default,|wt_sc_mlkxibu_001_qingtian=15|||||||||||,,wt_sc_mlkxibu_001_qingtian=15,,,,,,,,,,,
105,苏克拉特,晨,dt_sc_sukelate_001_baitian,lm_sc_sukelate_001_default,|wt_sc_sukelate_001_qingtian=17|||||||||||,,wt_sc_sukelate_001_qingtian=17,,,,,,,,,,,
106,苏克拉特,昼,dt_sc_sukelate_001_baitian,lm_sc_sukelate_001_default,|wt_sc_sukelate_001_qingtian=18|||||||||||,,wt_sc_sukelate_001_qingtian=18,,,,,,,,,,,
107,苏克拉特,夕,dt_sc_sukelate_001_huanghun,lm_sc_sukelate_001_default,|wt_sc_sukelate_001_qingtian=17|||||||||||,,wt_sc_sukelate_001_qingtian=17,,,,,,,,,,,
108,苏克拉特,夜,dt_sc_sukelate_001_yewan,lm_sc_sukelate_001_default,|wt_sc_sukelate_001_qingtian=16|||||||||||,,wt_sc_sukelate_001_qingtian=16,,,,,,,,,,,
109,苏克拉特南部,晨,dt_sc_sukelatenanbu_001_baitian,lm_sc_sukelatenanbu_001_default,|wt_sc_sukelatenanbu_001_qingtian=17|||||||||||,,wt_sc_sukelatenanbu_001_qingtian=17,,,,,,,,,,,
110,苏克拉特南部,昼,dt_sc_sukelatenanbu_001_baitian,lm_sc_sukelatenanbu_001_default,|wt_sc_sukelatenanbu_001_qingtian=18|||||||||||,,wt_sc_sukelatenanbu_001_qingtian=18,,,,,,,,,,,
111,苏克拉特南部,夕,dt_sc_sukelatenanbu_001_huanghun,lm_sc_sukelatenanbu_001_default,|wt_sc_sukelatenanbu_001_qingtian=17|||||||||||,,wt_sc_sukelatenanbu_001_qingtian=17,,,,,,,,,,,
112,苏克拉特南部,夜,dt_sc_sukelatenanbu_001_yewan,lm_sc_sukelatenanbu_001_default,|wt_sc_sukelatenanbu_001_qingtian=16|||||||||||,,wt_sc_sukelatenanbu_001_qingtian=16,,,,,,,,,,,
113,幻境,晨,,,||||||||||||,,,,,,,,,,,,,
114,幻境,昼,,,||||||||||||,,,,,,,,,,,,,
115,幻境,夕,,,||||||||||||,,,,,,,,,,,,,
116,幻境,夜,dt_sc_huanjing_001_yewan,,|wt_sc_huanjing_001_qingtian=10|||||||||||,,wt_sc_huanjing_001_qingtian=10,,,,,,,,,,,
117,新手村训练场,晨,,,||||||||||||,,,,,,,,,,,,,
118,新手村训练场,昼,dt_sc_xunlianchang_002_baitian,lm_sc_xunlianchang_002_default,|wt_sc_xunlianchang_002_qingtian=10|||||wt_sc_xunlianchang_002_leiyu=7||||||,,wt_sc_xunlianchang_002_qingtian=10,,,,,wt_sc_xunlianchang_002_leiyu=7,,,,,,
119,新手村训练场,夕,,,||||||||||||,,,,,,,,,,,,,
120,新手村训练场,夜,,,||||||||||||,,,,,,,,,,,,,
121,抢滩登陆,晨,dt_sc_qiangtandenglu_001_baitian,lm_sc_qiangtandenglu_001_default,|wt_sc_qiangtandenglu_001_qingtian=10|||||||||||,,wt_sc_qiangtandenglu_001_qingtian=10,,,,,,,,,,,
122,抢滩登陆,昼,,,||||||||||||,,,,,,,,,,,,,
123,抢滩登陆,夕,,,||||||||||||,,,,,,,,,,,,,
124,抢滩登陆,夜,,,||||||||||||,,,,,,,,,,,,,
125,主题酒吧,晨,dt_sc_paidui_001_baitian,lm_sc_paidui_001_baitian,|wt_sc_paidui_001_qingtian=10|||||||||||,,wt_sc_paidui_001_qingtian=10,,,,,,,,,,,
126,主题酒吧,昼,,,||||||||||||,,,,,,,,,,,,,
127,主题酒吧,夕,,,||||||||||||,,,,,,,,,,,,,
128,主题酒吧,夜,dt_sc_paidui_001_yewan,lm_sc_paidui_001_yewan,|wt_sc_paidui_001_yewan=10|||||||||||,,wt_sc_paidui_001_yewan=10,,,,,,,,,,,
129,英灵殿,晨,dt_sc_yinglingdian_001_huanghun,lm_sc_yinglingdian_001_baitian,|wt_sc_yinglingdian_001_qingtian=10|||||||||||,,wt_sc_yinglingdian_001_qingtian=10,,,,,,,,,,,
130,英灵殿,昼,,,||||||||||||,,,,,,,,,,,,,
131,英灵殿,夕,,,||||||||||||,,,,,,,,,,,,,
132,英灵殿,夜,dt_sc_yinglingdian_001_yewan,lm_sc_yinglingdian_001_yewan,|wt_sc_yinglingdian_001_yewanqing=10|||||||||||,,wt_sc_yinglingdian_001_yewanqing=10,,,,,,,,,,,
133,舞女记忆,晨,dt_sc_paidui_001_baitian,lm_sc_paidui_001_baitian,|wt_sc_paidui_001_qingtian=10|||||||||||,,wt_sc_paidui_001_qingtian=10,,,,,,,,,,,
134,舞女记忆,昼,,,||||||||||||,,,,,,,,,,,,,
135,舞女记忆,夕,,,||||||||||||,,,,,,,,,,,,,
136,舞女记忆,夜,dt_sc_paidui_001_baitian,lm_sc_paidui_001_baitian,||||||||||||,,,,,,,,,,,,,
137,英灵殿,晨,dt_sc_yinglingdian_002_huanghun,lm_sc_yinglingdian_002_baitian,|wt_sc_yinglingdian_002_qingtian=10|||||||||||,,wt_sc_yinglingdian_002_qingtian=10,,,,,,,,,,,
138,英灵殿,昼,,,||||||||||||,,,,,,,,,,,,,
139,英灵殿,夕,,,||||||||||||,,,,,,,,,,,,,
140,英灵殿,夜,dt_sc_yinglingdian_002_huanghun,lm_sc_yinglingdian_002_yewan,|wt_sc_yinglingdian_002_qingtian=10|||||||||||,,wt_sc_yinglingdian_002_qingtian=10,,,,,,,,,,,
141,北森副本,晨,dt_sc_dungeon_beisenbianyi_001_default,lm_sc_dungeon_beisenbianyi_001_default,|wt_sc_dungeon_beisenbianyi_001_dawu=10|||||wt_sc_dungeon_beisenbianyi_001_leiyu=7||||||,,wt_sc_dungeon_beisenbianyi_001_dawu=10,,,,,wt_sc_dungeon_beisenbianyi_001_leiyu=7,,,,,,
142,北森副本,昼,dt_sc_dungeon_beisenbianyi_001_default,lm_sc_dungeon_beisenbianyi_001_default,|wt_sc_dungeon_beisenbianyi_001_dawu=10|||||wt_sc_dungeon_beisenbianyi_001_leiyu=7||||||,,wt_sc_dungeon_beisenbianyi_001_dawu=10,,,,,wt_sc_dungeon_beisenbianyi_001_leiyu=7,,,,,,
143,北森副本,夕,,,||||||||||||,,,,,,,,,,,,,
144,北森副本,夜,,,||||||||||||,,,,,,,,,,,,,
145,黑暗迷宫,晨,dt_sc_heianmigong_001_yewan,lm_sc_heianmigong_001_default,|wt_sc_heianmigong_001_qingtian=10|||||||||||,,wt_sc_heianmigong_001_qingtian=10,,,,,,,,,,,
146,黑暗迷宫,昼,dt_sc_heianmigong_001_qingtian,lm_sc_heianmigong_001_default,|wt_sc_heianmigong_001_qingtian=10|||||||||||,,wt_sc_heianmigong_001_qingtian=10,,,,,,,,,,,
147,黑暗迷宫,夕,,,||||||||||||,,,,,,,,,,,,,
148,黑暗迷宫,夜,,,||||||||||||,,,,,,,,,,,,,
149,单人塔防,晨,dt_sc_tafang_002_baitian,lm_sc_tafang_002_default,|wt_sc_tafang_002_qingtian=8|||||wt_sc_pulongdela_001_leiyu=6||||||,,wt_sc_tafang_002_qingtian=8,,,,,wt_sc_pulongdela_001_leiyu=6,,,,,,
150,单人塔防,昼,,,||||||||||||,,,,,,,,,,,,,
151,单人塔防,夕,,,||||||||||||,,,,,,,,,,,,,
152,单人塔防,夜,,,||||||||||||,,,,,,,,,,,,,
153,双人塔防,晨,dt_sc_tafang_001_baitian,lm_sc_tafang_001_default,|wt_sc_tafang_001_qingtian=8|||||wt_sc_pulongdela_001_leiyu=6||||||,,wt_sc_tafang_001_qingtian=8,,,,,wt_sc_pulongdela_001_leiyu=6,,,,,,
154,双人塔防,昼,,,||||||||||||,,,,,,,,,,,,,
155,双人塔防,夕,,,||||||||||||,,,,,,,,,,,,,
156,双人塔防,夜,,,||||||||||||,,,,,,,,,,,,,
157,柏伊亚岚岛,晨,dt_sc_boyiyalandao_001_baitian,lm_sc_boyiyalandao_001_default,|wt_sc_boyiyalandao_001_qingtian=11|||||||||||,,wt_sc_boyiyalandao_001_qingtian=11,,,,,,,,,,,
158,柏伊亚岚岛,昼,,,||||||||||||,,,,,,,,,,,,,
159,柏伊亚岚岛,夕,dt_sc_boyiyalandao_001_huanghun,lm_sc_boyiyalandao_001_default,|wt_sc_boyiyalandao_001_qingtian=10|||||||||||,,wt_sc_boyiyalandao_001_qingtian=10,,,,,,,,,,,
160,柏伊亚岚岛,夜,dt_sc_boyiyalandao_001_yewan,lm_sc_boyiyalandao_001_default,|wt_sc_boyiyalandao_001_qingtian=9|||||||||||,,wt_sc_boyiyalandao_001_qingtian=9,,,,,,,,,,,
161,弓手村,晨,dt_sc_gongshoucun_001_baitian,lm_sc_gongshoucun_001_default,|wt_sc_gongshoucun_001_qingtian=9|||||||||||,,wt_sc_gongshoucun_001_qingtian=9,,,,,,,,,,,
162,弓手村,昼,dt_sc_gongshoucun_001_baitian,lm_sc_gongshoucun_001_default,|wt_sc_gongshoucun_001_qingtian=10|||||||||||,,wt_sc_gongshoucun_001_qingtian=10,,,,,,,,,,,
163,弓手村,夕,dt_sc_gongshoucun_001_huanghun,lm_sc_gongshoucun_001_default,|wt_sc_gongshoucun_001_qingtian=9|||||||||||,,wt_sc_gongshoucun_001_qingtian=9,,,,,,,,,,,
164,弓手村,夜,dt_sc_gongshoucun_001_yewan,lm_sc_gongshoucun_001_default,|wt_sc_gongshoucun_001_qingtian=8|||||||||||,,wt_sc_gongshoucun_001_qingtian=8,,,,,,,,,,,
165,吉芬旷野,晨,dt_sc_jifenkuangye_001_baitian,lm_sc_jifenkuangye_001_default,|wt_sc_jifenkuangye_001_qingtian=7|||||||||||,,wt_sc_jifenkuangye_001_qingtian=7,,,,,,,,,,,
166,吉芬旷野,昼,dt_sc_jifenkuangye_001_baitian,lm_sc_jifenkuangye_001_default,|wt_sc_jifenkuangye_001_qingtian=8|||||||||||,,wt_sc_jifenkuangye_001_qingtian=8,,,,,,,,,,,
167,吉芬旷野,夕,dt_sc_jifenkuangye_001_huanghun,lm_sc_jifenkuangye_001_default,|wt_sc_jifenkuangye_001_qingtian=7|||||||||||,,wt_sc_jifenkuangye_001_qingtian=7,,,,,,,,,,,
168,吉芬旷野,夜,dt_sc_jifenkuangye_001_yewan,lm_sc_jifenkuangye_001_default,|wt_sc_jifenkuangye_001_qingtian=6|||||||||||,,wt_sc_jifenkuangye_001_qingtian=6,,,,,,,,,,,
169,马车森林,晨,dt_sc_machesenlin_001_baitian,lm_sc_machesenlin_001_default,|wt_sc_machesenlin_001_qingtian=5|||||||||||,,wt_sc_machesenlin_001_qingtian=5,,,,,,,,,,,
170,马车森林,昼,dt_sc_machesenlin_001_baitian,lm_sc_machesenlin_001_default,|wt_sc_machesenlin_001_qingtian=6|||||||||||,,wt_sc_machesenlin_001_qingtian=6,,,,,,,,,,,
171,马车森林,夕,dt_sc_machesenlin_001_huanghun,lm_sc_machesenlin_001_default,|wt_sc_machesenlin_001_qingtian=5|||||||||||,,wt_sc_machesenlin_001_qingtian=5,,,,,,,,,,,
172,马车森林,夜,dt_sc_machesenlin_001_yewan,lm_sc_machesenlin_001_default,|wt_sc_machesenlin_001_qingtian=4|||||||||||,,wt_sc_machesenlin_001_qingtian=4,,,,,,,,,,,
173,克特森林,晨,dt_sc_ketesenlin_001_baitian,lm_sc_ketesenlin_001_default,|wt_sc_ketesenlin_001_qingtian=9|||||||||||,,wt_sc_ketesenlin_001_qingtian=9,,,,,,,,,,,
174,克特森林,昼,dt_sc_ketesenlin_001_baitian,lm_sc_ketesenlin_001_default,|wt_sc_ketesenlin_001_qingtian=10|||||||||||,,wt_sc_ketesenlin_001_qingtian=10,,,,,,,,,,,
175,克特森林,夕,dt_sc_ketesenlin_001_huanghun,lm_sc_ketesenlin_001_default,|wt_sc_ketesenlin_001_qingtian=9|||||||||||,,wt_sc_ketesenlin_001_qingtian=9,,,,,,,,,,,
176,克特森林,夜,dt_sc_ketesenlin_001_yewan,lm_sc_ketesenlin_001_default,|wt_sc_ketesenlin_001_qingtian=8|||||||||||,,wt_sc_ketesenlin_001_qingtian=8,,,,,,,,,,,
177,花园,晨,dt_sc_huayuan_001_baitian,lm_sc_huayuan_001_default,|wt_sc_huayuan_001_qingtian=6|||wt_sc_huayuan_001_xiaoyu=5||||||wt_sc_huayuan_001_qingtian=6||,,wt_sc_huayuan_001_qingtian=6,,,wt_sc_huayuan_001_xiaoyu=5,,,,,,wt_sc_huayuan_001_qingtian=6,,
178,花园,昼,dt_sc_huayuan_001_baitian,lm_sc_huayuan_001_default,|wt_sc_huayuan_001_qingtian=7|||wt_sc_huayuan_001_xiaoyu=6||||||wt_sc_huayuan_001_qingtian=7||,,wt_sc_huayuan_001_qingtian=7,,,wt_sc_huayuan_001_xiaoyu=6,,,,,,wt_sc_huayuan_001_qingtian=7,,
179,花园,夕,dt_sc_huayuan_001_huanghun,lm_sc_huayuan_001_default,|wt_sc_huayuan_001_qingtian=6|||wt_sc_huayuan_001_xiaoyu=5||||||wt_sc_huayuan_001_qingtian=6||,,wt_sc_huayuan_001_qingtian=6,,,wt_sc_huayuan_001_xiaoyu=5,,,,,,wt_sc_huayuan_001_qingtian=6,,
180,花园,夜,dt_sc_huayuan_001_yewan,lm_sc_huayuan_001_default,|wt_sc_huayuan_001_qingtian=5|||wt_sc_huayuan_001_xiaoyu=4||||||wt_sc_huayuan_001_qingtian=5||,,wt_sc_huayuan_001_qingtian=5,,,wt_sc_huayuan_001_xiaoyu=4,,,,,,wt_sc_huayuan_001_qingtian=5,,
181,沙漠之桥,晨,dt_sc_shamozhiqiao_001_baitian,lm_sc_shamozhiqiao_001_default,|wt_sc_shamozhiqiao_001_qingtian=17|||||||||||,,wt_sc_shamozhiqiao_001_qingtian=17,,,,,,,,,,,
182,沙漠之桥,昼,dt_sc_shamozhiqiao_001_baitian,lm_sc_shamozhiqiao_001_default,|wt_sc_shamozhiqiao_001_qingtian=18|||||||||||,,wt_sc_shamozhiqiao_001_qingtian=18,,,,,,,,,,,
183,沙漠之桥,夕,dt_sc_shamozhiqiao_001_huanghun,lm_sc_shamozhiqiao_001_default,|wt_sc_shamozhiqiao_001_qingtian=17|||||||||||,,wt_sc_shamozhiqiao_001_qingtian=17,,,,,,,,,,,
184,沙漠之桥,夜,dt_sc_shamozhiqiao_001_yewan,lm_sc_shamozhiqiao_001_default,|wt_sc_shamozhiqiao_001_qingtian=16|||||||||||,,wt_sc_shamozhiqiao_001_qingtian=16,,,,,,,,,,,
185,妙勒尼山脉,晨,dt_sc_miaolenishanmai_001_baitian,lm_sc_miaolenishanmai_001_default,|wt_sc_miaolenishanmai_001_qingtian=5|||||||||||,,wt_sc_miaolenishanmai_001_qingtian=5,,,,,,,,,,,
186,妙勒尼山脉,昼,dt_sc_miaolenishanmai_001_baitian,lm_sc_miaolenishanmai_001_default,|wt_sc_miaolenishanmai_001_qingtian=6|||||||||||,,wt_sc_miaolenishanmai_001_qingtian=6,,,,,,,,,,,
187,妙勒尼山脉,夕,dt_sc_miaolenishanmai_001_huanghun,lm_sc_miaolenishanmai_001_default,|wt_sc_miaolenishanmai_001_qingtian=5|||||||||||,,wt_sc_miaolenishanmai_001_qingtian=5,,,,,,,,,,,
188,妙勒尼山脉,夜,dt_sc_miaolenishanmai_001_yewan,lm_sc_miaolenishanmai_001_default,|wt_sc_miaolenishanmai_001_qingtian=4|||||||||||,,wt_sc_miaolenishanmai_001_qingtian=4,,,,,,,,,,,
189,斐扬树林深处,晨,dt_sc_feiyangdongnan_001_baitian,lm_sc_feiyangdongnan_001_default,||wt_sc_feiyangdongnan_001_duoyun=9||||||||||,,,wt_sc_feiyangdongnan_001_duoyun=9,,,,,,,,,,
190,斐扬树林深处,昼,dt_sc_feiyangdongnan_001_baitian,lm_sc_feiyangdongnan_001_default,||wt_sc_feiyangdongnan_001_duoyun=10||||||||||,,,wt_sc_feiyangdongnan_001_duoyun=10,,,,,,,,,,
191,斐扬树林深处,夕,dt_sc_feiyangdongnan_001_huanghun,lm_sc_feiyangdongnan_001_default,||wt_sc_feiyangdongnan_001_duoyun=9||||||||||,,,wt_sc_feiyangdongnan_001_duoyun=9,,,,,,,,,,
192,斐扬树林深处,夜,dt_sc_feiyangdongnan_001_yewan,lm_sc_feiyangdongnan_001_default,||wt_sc_feiyangdongnan_001_duoyun=8||||||||||,,,wt_sc_feiyangdongnan_001_duoyun=8,,,,,,,,,,
193,战场-峡谷,晨,dt_sc_pvp_zhanchang_baitian,lm_sc_pvp_zhanchang_default,|wt_sc_pvp_zhanchang_001_baitianqing=10|||wt_sc_pvp_zhanchang_001_xiaoyu=9||||||wt_sc_pvp_zhanchang_001_yuhou=10||,,wt_sc_pvp_zhanchang_001_baitianqing=10,,,wt_sc_pvp_zhanchang_001_xiaoyu=9,,,,,,wt_sc_pvp_zhanchang_001_yuhou=10,,
194,战场-峡谷,昼,,,||||||||||||,,,,,,,,,,,,,
195,战场-峡谷,夕,,,||||||||||||,,,,,,,,,,,,,
196,战场-峡谷,夜,,,||||||||||||,,,,,,,,,,,,,
197,狩猎场,晨,dt_sc_pvp_shilian_baitian,lm_sc_pvp_shilian_default,|wt_sc_pvp_shilian_qingtian=10|||||||||||,,wt_sc_pvp_shilian_qingtian=10,,,,,,,,,,,
198,狩猎场,昼,dt_sc_pvp_shilian_baitian,lm_sc_pvp_shilian_default,|wt_sc_pvp_shilian_qingtian=10|||||||||||,,wt_sc_pvp_shilian_qingtian=10,,,,,,,,,,,
199,狩猎场,夕,dt_sc_pvp_shilian_huanghun,lm_sc_pvp_shilian_default,|wt_sc_pvp_shilian_qingtian=10|||||||||||,,wt_sc_pvp_shilian_qingtian=10,,,,,,,,,,,
200,狩猎场,夜,dt_sc_pvp_shilian_yewan,lm_sc_pvp_shilian_default,|wt_sc_pvp_shilian_qingtian=10|||||||||||,,wt_sc_pvp_shilian_qingtian=10,,,,,,,,,,,
201,瓦尔基里领域,晨,dt_sc_gvg_wejlly_001_baitian,lm_sc_gvg_wejlly_001_default,|wt_sc_gvg_wejlly_001_qingtian=10|||||||||||,,wt_sc_gvg_wejlly_001_qingtian=10,,,,,,,,,,,
202,瓦尔基里领域,昼,dt_sc_gvg_wejlly_001_baitian,lm_sc_gvg_wejlly_001_default,|wt_sc_gvg_wejlly_001_qingtian=11|||||||||||,,wt_sc_gvg_wejlly_001_qingtian=11,,,,,,,,,,,
203,瓦尔基里领域,夕,dt_sc_gvg_wejlly_001_huanghun,lm_sc_gvg_wejlly_001_default,|wt_sc_gvg_wejlly_001_qingtian=10|||||||||||,,wt_sc_gvg_wejlly_001_qingtian=10,,,,,,,,,,,
204,瓦尔基里领域,夜,dt_sc_gvg_wejlly_001_yewan,lm_sc_gvg_wejlly_001_default,|wt_sc_gvg_wejlly_001_qingtian=9|||||||||||,,wt_sc_gvg_wejlly_001_qingtian=9,,,,,,,,,,,
205,布利托尼亚,晨,dt_sc_gvg_bltny_001_baitian,lm_sc_gvg_bltny_001_default,|wt_sc_gvg_bltny_001_qingtian=8|||||||||||,,wt_sc_gvg_bltny_001_qingtian=8,,,,,,,,,,,
206,布利托尼亚,昼,dt_sc_gvg_bltny_001_baitian,lm_sc_gvg_bltny_001_default,|wt_sc_gvg_bltny_001_qingtian=9|||||||||||,,wt_sc_gvg_bltny_001_qingtian=9,,,,,,,,,,,
207,布利托尼亚,夕,dt_sc_gvg_bltny_001_huanghun,lm_sc_gvg_bltny_001_default,|wt_sc_gvg_bltny_001_qingtian=8|||||||||||,,wt_sc_gvg_bltny_001_qingtian=8,,,,,,,,,,,
208,布利托尼亚,夜,dt_sc_gvg_bltny_001_yewan,lm_sc_gvg_bltny_001_default,|wt_sc_gvg_bltny_001_qingtian=7|||||||||||,,wt_sc_gvg_bltny_001_qingtian=7,,,,,,,,,,,
209,青林湖泊,晨,dt_sc_gvg_qinglinhupo_001_baitian,lm_sc_gvg_qinglinhupo_001_default,||wt_sc_gvg_qinglinhupo_001_duoyun=9||||||||||,,,wt_sc_gvg_qinglinhupo_001_duoyun=9,,,,,,,,,,
210,青林湖泊,昼,dt_sc_gvg_qinglinhupo_001_baitian,lm_sc_gvg_qinglinhupo_001_default,||wt_sc_gvg_qinglinhupo_001_duoyun=10||||||||||,,,wt_sc_gvg_qinglinhupo_001_duoyun=10,,,,,,,,,,
211,青林湖泊,夕,dt_sc_gvg_qinglinhupo_001_huanghun,lm_sc_gvg_qinglinhupo_001_default,||wt_sc_gvg_qinglinhupo_001_duoyun=9||||||||||,,,wt_sc_gvg_qinglinhupo_001_duoyun=9,,,,,,,,,,
212,青林湖泊,夜,dt_sc_gvg_qinglinhupo_001_yewan,lm_sc_gvg_qinglinhupo_001_default,||wt_sc_gvg_qinglinhupo_001_duoyun=8||||||||||,,,wt_sc_gvg_qinglinhupo_001_duoyun=8,,,,,,,,,,
213,普隆德拉万圣版本,晨,dt_sc_pulongdela_wsj_001_qingchen,lm_sc_pulongdela_wsj_001_baitian,|wt_sc_pulongdela_001_qingtian=10||wt_sc_pulongdela_001_wu=9|wt_sc_pulongdela_001_xiaoyu=9|wt_sc_pulongdela_001_dayu=8|wt_sc_pulongdela_001_leiyu=7||||wt_sc_pulongdela_001_yuhou=10||,,wt_sc_pulongdela_001_qingtian=10,,wt_sc_pulongdela_001_wu=9,wt_sc_pulongdela_001_xiaoyu=9,wt_sc_pulongdela_001_dayu=8,wt_sc_pulongdela_001_leiyu=7,,,,wt_sc_pulongdela_001_yuhou=10,,
214,普隆德拉万圣版本,昼,dt_sc_pulongdela_wsj_001_baitian,lm_sc_pulongdela_wsj_001_baitian,|wt_sc_pulongdela_001_qingtian=11||wt_sc_pulongdela_001_wu=10|wt_sc_pulongdela_001_xiaoyu=10|wt_sc_pulongdela_001_dayu=9|wt_sc_pulongdela_001_leiyu=8||||wt_sc_pulongdela_001_yuhou=11||,,wt_sc_pulongdela_001_qingtian=11,,wt_sc_pulongdela_001_wu=10,wt_sc_pulongdela_001_xiaoyu=10,wt_sc_pulongdela_001_dayu=9,wt_sc_pulongdela_001_leiyu=8,,,,wt_sc_pulongdela_001_yuhou=11,,
215,普隆德拉万圣版本,夕,dt_sc_pulongdela_wsj_001_huanghun,lm_sc_pulongdela_wsj_001_baitian,|wt_sc_pulongdela_001_qingtian=10||wt_sc_pulongdela_001_wu=9|wt_sc_pulongdela_001_xiaoyu=9|wt_sc_pulongdela_001_dayu=8|wt_sc_pulongdela_001_leiyu=7||||wt_sc_pulongdela_001_yuhou=10||,,wt_sc_pulongdela_001_qingtian=10,,wt_sc_pulongdela_001_wu=9,wt_sc_pulongdela_001_xiaoyu=9,wt_sc_pulongdela_001_dayu=8,wt_sc_pulongdela_001_leiyu=7,,,,wt_sc_pulongdela_001_yuhou=10,,
216,普隆德拉万圣版本,夜,dt_sc_pulongdela_wsj_001_yewan,lm_sc_pulongdela_wsj_001_yewan,|wt_sc_pulongdela_001_qingtian=19||wt_sc_pulongdela_001_wu=8|wt_sc_pulongdela_001_xiaoyu=8|wt_sc_pulongdela_001_dayu=7|wt_sc_pulongdela_001_leiyu=6||||wt_sc_pulongdela_001_yuhou=9||,,wt_sc_pulongdela_001_qingtian=19,,wt_sc_pulongdela_001_wu=8,wt_sc_pulongdela_001_xiaoyu=8,wt_sc_pulongdela_001_dayu=7,wt_sc_pulongdela_001_leiyu=6,,,,wt_sc_pulongdela_001_yuhou=9,,
217,古城,晨,dt_sc_gucheng_001_baitian,lm_sc_gucheng_001_default,|wt_sc_gucheng_001_qingtian=6||wt_sc_gucheng_001_wu=5||wt_sc_gucheng_001_dayu=5|wt_sc_gucheng_001_leiyu=4||||wt_sc_gucheng_001_yuhou=6||,,wt_sc_gucheng_001_qingtian=6,,wt_sc_gucheng_001_wu=5,,wt_sc_gucheng_001_dayu=5,wt_sc_gucheng_001_leiyu=4,,,,wt_sc_gucheng_001_yuhou=6,,
218,古城,昼,dt_sc_gucheng_001_baitian,lm_sc_gucheng_001_default,|wt_sc_gucheng_001_qingtian=7||wt_sc_gucheng_001_wu=6||wt_sc_gucheng_001_dayu=6|wt_sc_gucheng_001_leiyu=5||||wt_sc_gucheng_001_yuhou=7||,,wt_sc_gucheng_001_qingtian=7,,wt_sc_gucheng_001_wu=6,,wt_sc_gucheng_001_dayu=6,wt_sc_gucheng_001_leiyu=5,,,,wt_sc_gucheng_001_yuhou=7,,
219,古城,夕,dt_sc_gucheng_001_huanghun,lm_sc_gucheng_001_default,|wt_sc_gucheng_001_qingtian=6||wt_sc_gucheng_001_wu=5||wt_sc_gucheng_001_dayu=5|wt_sc_gucheng_001_leiyu=4||||wt_sc_gucheng_001_yuhou=6||,,wt_sc_gucheng_001_qingtian=6,,wt_sc_gucheng_001_wu=5,,wt_sc_gucheng_001_dayu=5,wt_sc_gucheng_001_leiyu=4,,,,wt_sc_gucheng_001_yuhou=6,,
220,古城,夜,dt_sc_gucheng_001_yewan,lm_sc_gucheng_001_default,|wt_sc_gucheng_001_qingtian=5||wt_sc_gucheng_001_wu=4||wt_sc_gucheng_001_dayu=4|wt_sc_gucheng_001_leiyu=3||||wt_sc_gucheng_001_yuhou=5||,,wt_sc_gucheng_001_qingtian=5,,wt_sc_gucheng_001_wu=4,,wt_sc_gucheng_001_dayu=4,wt_sc_gucheng_001_leiyu=3,,,,wt_sc_gucheng_001_yuhou=5,,
221,姜饼城原野,晨,dt_sc_jbcyuanye_001_baitian,lm_sc_jbcyuanye_001_baitian,||||||||wt_sc_jbcyuanye_001_daxue=-15||||,,,,,,,,,wt_sc_jbcyuanye_001_daxue=-15,,,,
222,姜饼城原野,昼,dt_sc_jbcyuanye_001_baitian,lm_sc_jbcyuanye_001_baitian,||||||||wt_sc_jbcyuanye_001_daxue=-6||||,,,,,,,,,wt_sc_jbcyuanye_001_daxue=-6,,,,
223,姜饼城原野,夕,dt_sc_jbcyuanye_001_baitian,lm_sc_jbcyuanye_001_baitian,||||||||wt_sc_jbcyuanye_001_daxue=-10||||,,,,,,,,,wt_sc_jbcyuanye_001_daxue=-10,,,,
224,姜饼城原野,夜,dt_sc_jbcyuanye_001_yewan,lm_sc_jbcyuanye_001_yewan,||||||||wt_sc_jbcyuanye_001_daxue=-12||||,,,,,,,,,wt_sc_jbcyuanye_001_daxue=-12,,,,
225,艾尔帕兰,晨,dt_sc_aierpalan_001_baitian,lm_sc_aierpalan_001_baitian,|wt_sc_aierpalan_001_qingtian=8||||wt_sc_aierpalan_001_dayu=6|||wt_sc_aierpalan_001_daxue=-10||||,,wt_sc_aierpalan_001_qingtian=8,,,,wt_sc_aierpalan_001_dayu=6,,,wt_sc_aierpalan_001_daxue=-10,,,,
226,艾尔帕兰,昼,dt_sc_aierpalan_001_baitian,lm_sc_aierpalan_001_baitian,|wt_sc_aierpalan_001_qingtian=12||||wt_sc_aierpalan_001_dayu=10|||wt_sc_aierpalan_001_daxue=-2||||,,wt_sc_aierpalan_001_qingtian=12,,,,wt_sc_aierpalan_001_dayu=10,,,wt_sc_aierpalan_001_daxue=-2,,,,
227,艾尔帕兰,夕,dt_sc_aierpalan_001_huanghun,lm_sc_aierpalan_001_baitian,|wt_sc_aierpalan_001_qingtian=10||||wt_sc_aierpalan_001_dayu=8|||wt_sc_aierpalan_001_daxue=-8||||,,wt_sc_aierpalan_001_qingtian=10,,,,wt_sc_aierpalan_001_dayu=8,,,wt_sc_aierpalan_001_daxue=-8,,,,
228,艾尔帕兰,夜,dt_sc_aierpalan_001_yewan,lm_sc_aierpalan_001_yewan,|wt_sc_aierpalan_001_qingtian=7||||wt_sc_aierpalan_001_dayu=5|||wt_sc_aierpalan_001_daxue=-12||||,,wt_sc_aierpalan_001_qingtian=7,,,,wt_sc_aierpalan_001_dayu=5,,,wt_sc_aierpalan_001_daxue=-12,,,,
229,妙勒尼北麓,晨,dt_sc_miaolenibeilu_001_baitian,lm_sc_miaolenibeilu_001_default,|wt_sc_miaolenibeilu_001_qingtian=7|||||||||||,,wt_sc_miaolenibeilu_001_qingtian=7,,,,,,,,,,,
230,妙勒尼北麓,昼,dt_sc_miaolenibeilu_001_baitian,lm_sc_miaolenibeilu_001_default,|wt_sc_miaolenibeilu_001_qingtian=10|||||||||||,,wt_sc_miaolenibeilu_001_qingtian=10,,,,,,,,,,,
231,妙勒尼北麓,夕,dt_sc_miaolenibeilu_001_huanghun,lm_sc_miaolenibeilu_001_default,|wt_sc_miaolenibeilu_001_qingtian=9|||||||||||,,wt_sc_miaolenibeilu_001_qingtian=9,,,,,,,,,,,
232,妙勒尼北麓,夜,dt_sc_miaolenibeilu_001_yewan,lm_sc_miaolenibeilu_001_default,|wt_sc_miaolenibeilu_001_qingtian=6|||||||||||,,wt_sc_miaolenibeilu_001_qingtian=6,,,,,,,,,,,
233,钟楼梦魇层,晨,,,||||||||||||,,,,,,,,,,,,,
234,钟楼梦魇层,昼,,,||||||||||||,,,,,,,,,,,,,
235,钟楼梦魇层,夕,,,||||||||||||,,,,,,,,,,,,,
236,钟楼梦魇层,夜,dt_sc_zhongloumengyan_001_yewan,,|wt_sc_zhongloudishang_002_qingtian=8|||||||||||,,wt_sc_zhongloudishang_002_qingtian=8,,,,,,,,,,,
237,灯塔岛,晨,dt_sc_dengtadao_001_baitian,lm_sc_dengtadao_001_default,|wt_sc_dengtadao_001_qingtian=14||||||||wt_sc_dengtadao_001_fengsha=12|||,,wt_sc_dengtadao_001_qingtian=14,,,,,,,,wt_sc_dengtadao_001_fengsha=12,,,
238,灯塔岛,昼,dt_sc_dengtadao_001_baitian,lm_sc_dengtadao_001_default,|wt_sc_dengtadao_001_qingtian=16||||||||wt_sc_dengtadao_001_fengsha=12|||,,wt_sc_dengtadao_001_qingtian=16,,,,,,,,wt_sc_dengtadao_001_fengsha=12,,,
239,灯塔岛,夕,dt_sc_dengtadao_001_huanghun,lm_sc_dengtadao_001_default,|wt_sc_dengtadao_001_qingtian=10||||||||wt_sc_dengtadao_001_fengsha=10|||,,wt_sc_dengtadao_001_qingtian=10,,,,,,,,wt_sc_dengtadao_001_fengsha=10,,,
240,灯塔岛,夜,dt_sc_dengtadao_001_yewan,lm_sc_dengtadao_001_default,|wt_sc_dengtadao_001_qingtian=10||||||||wt_sc_dengtadao_001_fengsha=10|||,,wt_sc_dengtadao_001_qingtian=10,,,,,,,,wt_sc_dengtadao_001_fengsha=10,,,
241,克魔岛,晨,dt_sc_kemodao_001_baitian,lm_sc_kemodao_001_baitian,|wt_sc_kemodao_001_qingtian=16||||wt_sc_kemodao_001_dayu=11|wt_sc_kemodao_001_leiyu=9||||wt_sc_kemodao_001_yuhou=11||,,wt_sc_kemodao_001_qingtian=16,,,,wt_sc_kemodao_001_dayu=11,wt_sc_kemodao_001_leiyu=9,,,,wt_sc_kemodao_001_yuhou=11,,
242,克魔岛,昼,dt_sc_kemodao_001_baitian,lm_sc_kemodao_001_baitian,|wt_sc_kemodao_001_qingtian=20||||wt_sc_kemodao_001_dayu=13|wt_sc_kemodao_001_leiyu=13||||wt_sc_kemodao_001_yuhou=20||,,wt_sc_kemodao_001_qingtian=20,,,,wt_sc_kemodao_001_dayu=13,wt_sc_kemodao_001_leiyu=13,,,,wt_sc_kemodao_001_yuhou=20,,
243,克魔岛,夕,dt_sc_kemodao_001_huanghun,lm_sc_kemodao_001_baitian,|wt_sc_kemodao_001_qingtian=16||||wt_sc_kemodao_001_dayu=11|wt_sc_kemodao_001_leiyu=11||||wt_sc_kemodao_001_yuhou=13||,,wt_sc_kemodao_001_qingtian=16,,,,wt_sc_kemodao_001_dayu=11,wt_sc_kemodao_001_leiyu=11,,,,wt_sc_kemodao_001_yuhou=13,,
244,克魔岛,夜,dt_sc_kemodao_001_yewan,lm_sc_kemodao_001_yewan,|wt_sc_kemodao_001_qingtian=13||||wt_sc_kemodao_001_dayu=9|wt_sc_kemodao_001_leiyu=8||||wt_sc_kemodao_001_yuhou=11||,,wt_sc_kemodao_001_qingtian=13,,,,wt_sc_kemodao_001_dayu=9,wt_sc_kemodao_001_leiyu=8,,,,wt_sc_kemodao_001_yuhou=11,,
245,蜜月岛,晨,dt_sc_kmmiyuedao_001_baitian,lm_sc_kmmiyuedao_001_baitian,|wt_sc_kmmiyuedao_001_qingtian=13|||||||||||,,wt_sc_kmmiyuedao_001_qingtian=13,,,,,,,,,,,
246,蜜月岛,昼,dt_sc_kmmiyuedao_001_baitian,lm_sc_kmmiyuedao_001_baitian,|wt_sc_kmmiyuedao_001_qingtian=20|||||||||||,,wt_sc_kmmiyuedao_001_qingtian=20,,,,,,,,,,,
247,蜜月岛,夕,dt_sc_kmmiyuedao_001_huanghun,lm_sc_kmmiyuedao_001_baitian,|wt_sc_kmmiyuedao_001_qingtian=16|||||||||||,,wt_sc_kmmiyuedao_001_qingtian=16,,,,,,,,,,,
248,蜜月岛,夜,dt_sc_kmmiyuedao_001_yewan,lm_sc_kmmiyuedao_001_yewan,|wt_sc_kmmiyuedao_001_qingtian=13|||||||||||,,wt_sc_kmmiyuedao_001_qingtian=13,,,,,,,,,,,
249,霍德尔梦境,晨,dt_sc_huoerdemengjing_001_baitian,lm_sc_huoerdemengjing_001_default,|wt_sc_huoerdemengjing_001_qingtian=10||||wt_sc_huoerdemengjing_001_dayu=6|wt_sc_huoerdemengjing_001_leiyu=3|||||,,wt_sc_huoerdemengjing_001_qingtian=10,,,,wt_sc_huoerdemengjing_001_dayu=6,wt_sc_huoerdemengjing_001_leiyu=3,,,,,,
250,霍德尔梦境,昼,dt_sc_huoerdemengjing_001_baitian,lm_sc_huoerdemengjing_001_default,|wt_sc_huoerdemengjing_001_qingtian=12||||wt_sc_huoerdemengjing_001_dayu=7|wt_sc_huoerdemengjing_001_leiyu=4|||||,,wt_sc_huoerdemengjing_001_qingtian=12,,,,wt_sc_huoerdemengjing_001_dayu=7,wt_sc_huoerdemengjing_001_leiyu=4,,,,,,
251,霍德尔梦境,夕,dt_sc_huoerdemengjing_001_huanghun,lm_sc_huoerdemengjing_001_default,|wt_sc_huoerdemengjing_001_qingtian=10||||wt_sc_huoerdemengjing_001_dayu=6|wt_sc_huoerdemengjing_001_leiyu=3|||||,,wt_sc_huoerdemengjing_001_qingtian=10,,,,wt_sc_huoerdemengjing_001_dayu=6,wt_sc_huoerdemengjing_001_leiyu=3,,,,,,
252,霍德尔梦境,夜,dt_sc_huoerdemengjing_001_yewan,lm_sc_huoerdemengjing_001_default,|wt_sc_huoerdemengjing_001_qingtian=8||||wt_sc_huoerdemengjing_001_dayu=5|wt_sc_huoerdemengjing_001_leiyu=2|||||,,wt_sc_huoerdemengjing_001_qingtian=8,,,,wt_sc_huoerdemengjing_001_dayu=5,wt_sc_huoerdemengjing_001_leiyu=2,,,,,,
253,奶油狂欢节森林场景,晨,,,||||||||||||,,,,,,,,,,,,,
254,奶油狂欢节森林场景,昼,,,||||||||||||,,,,,,,,,,,,,
255,奶油狂欢节森林场景,夕,,,||||||||||||,,,,,,,,,,,,,
256,奶油狂欢节森林场景,夜,dt_sc_znqsenlin_001_yewan,lm_sc_znqsenlin_001_default,|wt_sc_znqsenlin_001_yewan=10|||||||||||,,wt_sc_znqsenlin_001_yewan=10,,,,,,,,,,,
257,普隆德拉,晨,dt_sc_pulongdela_znq_001_qingchen,lm_sc_pulongdela_znq_001_baitian,|wt_sc_pulongdela_001_qingtian=10||wt_sc_pulongdela_001_wu=9|wt_sc_pulongdela_001_xiaoyu=9|wt_sc_pulongdela_001_dayu=8|wt_sc_pulongdela_001_leiyu=7||wt_sc_pulongdela_001_daxue=-10||wt_sc_pulongdela_001_yuhou=10||,,wt_sc_pulongdela_001_qingtian=10,,wt_sc_pulongdela_001_wu=9,wt_sc_pulongdela_001_xiaoyu=9,wt_sc_pulongdela_001_dayu=8,wt_sc_pulongdela_001_leiyu=7,,wt_sc_pulongdela_001_daxue=-10,,wt_sc_pulongdela_001_yuhou=10,,
258,普隆德拉,昼,dt_sc_pulongdela_znq_001_baitian,lm_sc_pulongdela_znq_001_baitian,|wt_sc_pulongdela_001_qingtian=11||wt_sc_pulongdela_001_wu=10|wt_sc_pulongdela_001_xiaoyu=10|wt_sc_pulongdela_001_dayu=9|wt_sc_pulongdela_001_leiyu=8||wt_sc_pulongdela_001_daxue=-4||wt_sc_pulongdela_001_yuhou=11||,,wt_sc_pulongdela_001_qingtian=11,,wt_sc_pulongdela_001_wu=10,wt_sc_pulongdela_001_xiaoyu=10,wt_sc_pulongdela_001_dayu=9,wt_sc_pulongdela_001_leiyu=8,,wt_sc_pulongdela_001_daxue=-4,,wt_sc_pulongdela_001_yuhou=11,,
259,普隆德拉,夕,dt_sc_pulongdela_znq_001_huanghun,lm_sc_pulongdela_znq_001_baitian,|wt_sc_pulongdela_001_qingtian=10||wt_sc_pulongdela_001_wu=9|wt_sc_pulongdela_001_xiaoyu=9|wt_sc_pulongdela_001_dayu=8|wt_sc_pulongdela_001_leiyu=7||wt_sc_pulongdela_001_daxue=2||wt_sc_pulongdela_001_yuhou=10||,,wt_sc_pulongdela_001_qingtian=10,,wt_sc_pulongdela_001_wu=9,wt_sc_pulongdela_001_xiaoyu=9,wt_sc_pulongdela_001_dayu=8,wt_sc_pulongdela_001_leiyu=7,,wt_sc_pulongdela_001_daxue=2,,wt_sc_pulongdela_001_yuhou=10,,
260,普隆德拉,夜,dt_sc_pulongdela_znq_001_yewan,lm_sc_pulongdela_znq_001_yewan,|wt_sc_pulongdela_001_qingtian=19||wt_sc_pulongdela_001_wu=8|wt_sc_pulongdela_001_xiaoyu=8|wt_sc_pulongdela_001_dayu=7|wt_sc_pulongdela_001_leiyu=6||wt_sc_pulongdela_001_daxue=-7||wt_sc_pulongdela_001_yuhou=9||,,wt_sc_pulongdela_001_qingtian=19,,wt_sc_pulongdela_001_wu=8,wt_sc_pulongdela_001_xiaoyu=8,wt_sc_pulongdela_001_dayu=7,wt_sc_pulongdela_001_leiyu=6,,wt_sc_pulongdela_001_daxue=-7,,wt_sc_pulongdela_001_yuhou=9,,
261,尔迈斯峡谷,晨,dt_sc_ermaisixiagu_001_baitian,lm_sc_ermaisixiagu_001_default,|wt_sc_ermaisixiagu_001_qingtian=10||||wt_sc_ermaisixiagu_001_dayu=5||||||,,wt_sc_ermaisixiagu_001_qingtian=10,,,,wt_sc_ermaisixiagu_001_dayu=5,,,,,,,
262,尔迈斯峡谷,昼,dt_sc_ermaisixiagu_001_baitian,lm_sc_ermaisixiagu_001_default,|wt_sc_ermaisixiagu_001_qingtian=19||||wt_sc_ermaisixiagu_001_dayu=8||||||,,wt_sc_ermaisixiagu_001_qingtian=19,,,,wt_sc_ermaisixiagu_001_dayu=8,,,,,,,
263,尔迈斯峡谷,夕,dt_sc_ermaisixiagu_001_huanghun,lm_sc_ermaisixiagu_001_default,|wt_sc_ermaisixiagu_001_qingtian=12||||wt_sc_ermaisixiagu_001_dayu=5||||||,,wt_sc_ermaisixiagu_001_qingtian=12,,,,wt_sc_ermaisixiagu_001_dayu=5,,,,,,,
264,尔迈斯峡谷,夜,dt_sc_ermaisixiagu_001_yewan,lm_sc_ermaisixiagu_001_default,|wt_sc_ermaisixiagu_001_qingtian=10||||wt_sc_ermaisixiagu_001_dayu=3||||||,,wt_sc_ermaisixiagu_001_qingtian=10,,,,wt_sc_ermaisixiagu_001_dayu=3,,,,,,,
265,国界,晨,dt_sc_bianjianzhan_001_baitian,lm_sc_bianjianzhan_001_default,|wt_sc_bianjianzhan_001_qingtian=10|||wt_sc_bianjianzhan_001_xiaoyu=8|||||||,,wt_sc_bianjianzhan_001_qingtian=10,,,wt_sc_bianjianzhan_001_xiaoyu=8,,,,,,,,
266,国界,昼,dt_sc_bianjianzhan_001_baitian,lm_sc_bianjianzhan_001_default,|wt_sc_bianjianzhan_001_qingtian=15|||wt_sc_bianjianzhan_001_xiaoyu=10|||||||,,wt_sc_bianjianzhan_001_qingtian=15,,,wt_sc_bianjianzhan_001_xiaoyu=10,,,,,,,,
267,国界,夕,dt_sc_bianjianzhan_001_huanghun,lm_sc_bianjianzhan_001_default,|wt_sc_bianjianzhan_001_qingtian=10|||wt_sc_bianjianzhan_001_xiaoyu=8|||||||,,wt_sc_bianjianzhan_001_qingtian=10,,,wt_sc_bianjianzhan_001_xiaoyu=8,,,,,,,,
268,国界,夜,dt_sc_bianjianzhan_001_yewan,lm_sc_bianjianzhan_001_default,|wt_sc_bianjianzhan_001_qingtian=10|||wt_sc_bianjianzhan_001_xiaoyu=5|||||||,,wt_sc_bianjianzhan_001_qingtian=10,,,wt_sc_bianjianzhan_001_xiaoyu=5,,,,,,,,
269,朱诺,晨,dt_sc_zhunuo_001_baitian,lm_sc_zhunuo_001_baitian,|wt_sc_zhunuo_001_qingtian=15||||wt_sc_zhunuo_001_dayu=10|||wt_sc_zhunuo_001_daxue=-5|||,,wt_sc_zhunuo_001_qingtian=15,,,,wt_sc_zhunuo_001_dayu=10,,,wt_sc_zhunuo_001_daxue=-5,,,,
270,朱诺,昼,dt_sc_zhunuo_001_baitian,lm_sc_zhunuo_001_baitian,|wt_sc_zhunuo_001_qingtian=20||||wt_sc_zhunuo_001_dayu=15|||wt_sc_zhunuo_001_daxue=0|||,,wt_sc_zhunuo_001_qingtian=20,,,,wt_sc_zhunuo_001_dayu=15,,,wt_sc_zhunuo_001_daxue=0,,,,
271,朱诺,夕,dt_sc_zhunuo_001_huanghun,lm_sc_zhunuo_001_baitian,|wt_sc_zhunuo_001_qingtian=15||||wt_sc_zhunuo_001_dayu=9|||wt_sc_zhunuo_001_daxue=-5|||,,wt_sc_zhunuo_001_qingtian=15,,,,wt_sc_zhunuo_001_dayu=9,,,wt_sc_zhunuo_001_daxue=-5,,,,
272,朱诺,夜,dt_sc_zhunuo_001_yewan,lm_sc_zhunuo_001_yewan,|wt_sc_zhunuo_001_qingtian=10||||wt_sc_zhunuo_001_dayu=5|||wt_sc_zhunuo_001_daxue=-10|||,,wt_sc_zhunuo_001_qingtian=10,,,,wt_sc_zhunuo_001_dayu=5,,,wt_sc_zhunuo_001_daxue=-10,,,,
273,启海伊洛学院,晨,dt_sc_qihaiyiluoxueyuan_001_baitian,lm_sc_qihaiyiluoxueyuan_001_default,|wt_sc_qihaiyiluoxueyuan_001_qingtian=10|||wt_sc_qihaiyiluoxueyuan_001_xiaoyu=8|||||||,,wt_sc_qihaiyiluoxueyuan_001_qingtian=10,,,wt_sc_qihaiyiluoxueyuan_001_xiaoyu=8,,,,,,,,
274,启海伊洛学院,昼,dt_sc_qihaiyiluoxueyuan_001_baitian,lm_sc_qihaiyiluoxueyuan_001_default,|wt_sc_qihaiyiluoxueyuan_001_qingtian=15|||wt_sc_qihaiyiluoxueyuan_001_xiaoyu=12|||||||,,wt_sc_qihaiyiluoxueyuan_001_qingtian=15,,,wt_sc_qihaiyiluoxueyuan_001_xiaoyu=12,,,,,,,,
275,启海伊洛学院,夕,dt_sc_qihaiyiluoxueyuan_001_huanghun,lm_sc_qihaiyiluoxueyuan_001_default,|wt_sc_qihaiyiluoxueyuan_001_qingtian=10|||wt_sc_qihaiyiluoxueyuan_001_xiaoyu=10|||||||,,wt_sc_qihaiyiluoxueyuan_001_qingtian=10,,,wt_sc_qihaiyiluoxueyuan_001_xiaoyu=10,,,,,,,,
276,启海伊洛学院,夜,dt_sc_qihaiyiluoxueyuan_001_yewan,lm_sc_qihaiyiluoxueyuan_001_default,|wt_sc_qihaiyiluoxueyuan_001_qingtian=8|||wt_sc_qihaiyiluoxueyuan_001_xiaoyu=8|||||||,,wt_sc_qihaiyiluoxueyuan_001_qingtian=8,,,wt_sc_qihaiyiluoxueyuan_001_xiaoyu=8,,,,,,,,
285,普隆德拉东门,晨,dt_sc_dongmen_001_baitian,lm_sc_dongmen_001_default,|wt_sc_dongmen_001_qingtian=10|||||wt_sc_dongmen_001_leiyu=7||wt_sc_dongmen_001_daxue=-10|||,,wt_sc_dongmen_001_qingtian=10,,,,,wt_sc_dongmen_001_leiyu=7,,wt_sc_dongmen_001_daxue=-10,,,,
286,普隆德拉东门,昼,dt_sc_dongmen_001_baitian,lm_sc_dongmen_001_default,|wt_sc_dongmen_001_qingtian=11|||||wt_sc_dongmen_001_leiyu=8||wt_sc_dongmen_001_daxue=-4|||,,wt_sc_dongmen_001_qingtian=11,,,,,wt_sc_dongmen_001_leiyu=8,,wt_sc_dongmen_001_daxue=-4,,,,
287,普隆德拉东门,夕,dt_sc_dongmen_001_huanghun,lm_sc_dongmen_001_default,|wt_sc_dongmen_001_qingtian=10|||||wt_sc_dongmen_001_leiyu=7||wt_sc_dongmen_001_daxue=2|||,,wt_sc_dongmen_001_qingtian=10,,,,,wt_sc_dongmen_001_leiyu=7,,wt_sc_dongmen_001_daxue=2,,,,
288,普隆德拉东门,夜,dt_sc_dongmen_001_yewan,lm_sc_dongmen_001_default,|wt_sc_dongmen_001_qingtian=19|||||wt_sc_dongmen_001_leiyu=6||wt_sc_dongmen_001_daxue=-7|||,,wt_sc_dongmen_001_qingtian=19,,,,,wt_sc_dongmen_001_leiyu=6,,wt_sc_dongmen_001_daxue=-7,,,,
